{"metadata":{"usedHelpers":[],"marked":[],"modules":{"imports":[],"exports":{"exported":[],"specifiers":[]}}},"options":{"filename":"/client/lib/routes.js","filenameRelative":"/client/lib/routes.js","env":{},"retainLines":false,"highlightCode":true,"suppressDeprecationMessages":false,"presets":[],"plugins":[[[],null],[[],null],[[],null],[[],null],[[],null],[[],null],[[],null],[[],{"polyfill":false}],[[],null],[[],null],[[],null],[[],null],[[],null],[[],null],[[],null],[[],null],[[],{"loose":true}],[[],{"loose":true}],[[],null],[[],{"loose":true}],[[],null],[[],null],[[],{"allowTopLevelThis":true,"strict":false,"loose":true}],[[],null],[[],null],[[],null],[[],null],[[],null],[[],{"loose":true}],[[],null],[[],null],[[],null],[[],null],[[],null],[[],null],[[],null],[[],null]],"ignore":[],"code":true,"metadata":true,"ast":false,"comments":true,"compact":false,"minified":false,"sourceMap":true,"sourceMaps":true,"sourceMapTarget":"/client/lib/routes.js.map","sourceFileName":"/client/lib/routes.js","babelrc":false,"sourceType":"module","moduleIds":false,"passPerPreset":false,"basename":"routes"},"ignored":false,"code":"// Routing\nRouter.configure({\n    layoutTemplate: 'app_layout'\n});\n// get home page\nRouter.route('/', {\n    name: 'home',\n    template: 'Home',\n    title: 'Home',\n    onBeforeAction: function () {\n        function onBeforeAction() {\n            var currrentUser = Meteor.userId();\n            if (currrentUser) {\n                this.render('account');\n            } else {\n                this.next();\n            }\n        }\n\n        return onBeforeAction;\n    }()\n});\n// get account page\nRouter.route('/account', {\n    name: 'account',\n    template: 'account',\n    title: 'Account',\n    onBeforeAction: function () {\n        function onBeforeAction() {\n            var currrentUser = Meteor.userId();\n            if (currrentUser) {\n                this.next();\n            } else {\n                this.redirect('/');\n            }\n        }\n\n        return onBeforeAction;\n    }()\n});\n// get leaderboard page\nRouter.route('/leaderboard', {\n    name: 'leaderboard',\n    template: 'leaderboard',\n    title: 'Leaderboard',\n    onBeforeAction: function () {\n        function onBeforeAction() {\n            var currrentUser = Meteor.userId();\n            if (currrentUser) {\n                this.next();\n            } else {\n                this.redirect('/');\n            }\n        }\n\n        return onBeforeAction;\n    }()\n});\n// get levels page\nRouter.route('/levels', {\n    name: 'levels',\n    template: 'levelSelect',\n    title: 'Levels',\n    onBeforeAction: function () {\n        function onBeforeAction() {\n            var currrentUser = Meteor.userId();\n            if (currrentUser) {\n                this.next();\n            } else {\n                this.redirect('/');\n            }\n        }\n\n        return onBeforeAction;\n    }()\n});\n// level 1\nRouter.route('/levels/1', {\n    name: 'level1',\n    template: 'level1',\n    title: 'Levels | 1',\n    onBeforeAction: function () {\n        function onBeforeAction() {\n            var currrentUser = Meteor.userId();\n            if (currrentUser) {\n                this.next();\n            } else {\n                this.redirect('/');\n            }\n        }\n\n        return onBeforeAction;\n    }()\n});\n// level 2\nRouter.route('/levels/2', {\n    name: 'level2',\n    template: 'level2',\n    title: 'Levels | 2',\n    onBeforeAction: function () {\n        function onBeforeAction() {\n            var currrentUser = Meteor.userId();\n            if (currrentUser) {\n                this.next();\n            } else {\n                this.redirect('/');\n            }\n        }\n\n        return onBeforeAction;\n    }()\n});\n// level 3\nRouter.route('/levels/3', {\n    name: 'level3',\n    template: 'level3',\n    title: 'Levels | 3',\n    onBeforeAction: function () {\n        function onBeforeAction() {\n            var currrentUser = Meteor.userId();\n            if (currrentUser) {\n                this.next();\n            } else {\n                this.redirect('/');\n            }\n        }\n\n        return onBeforeAction;\n    }()\n});\n// level 4\nRouter.route('/levels/4', {\n    name: 'level4',\n    template: 'level4',\n    title: 'Levels | 4',\n    onBeforeAction: function () {\n        function onBeforeAction() {\n            var currrentUser = Meteor.userId();\n            if (currrentUser) {\n                this.next();\n            } else {\n                this.redirect('/');\n            }\n        }\n\n        return onBeforeAction;\n    }()\n});\n// level 5\nRouter.route('/levels/5', {\n    name: 'level5',\n    template: 'level5',\n    title: 'Levels | 5',\n    onBeforeAction: function () {\n        function onBeforeAction() {\n            var currrentUser = Meteor.userId();\n            if (currrentUser) {\n                this.next();\n            } else {\n                this.redirect('/');\n            }\n        }\n\n        return onBeforeAction;\n    }()\n});\n// get customisation page\nRouter.route('/customisation', {\n    name: 'customisation',\n    template: 'customisation',\n    title: 'Customisation',\n    onBeforeAction: function () {\n        function onBeforeAction() {\n            var currrentUser = Meteor.userId();\n            if (currrentUser) {\n                this.next();\n            } else {\n                this.redirect('/');\n            }\n        }\n\n        return onBeforeAction;\n    }()\n});\n//create title\nRouter.after(function () {\n    if (this.route.options.title) document.title = 'CvsH | ' + this.route.options.title;\n});","ast":null,"map":{"version":3,"sources":["/client/lib/routes.js"],"names":[],"mappings":";AACA,OAAO,SAAP,CAAiB;AACb,oBAAgB,YAAhB;CADJ;;AAIA,OAAO,KAAP,CAAa,GAAb,EAAkB;AACjB,UAAM,MAAN;AACC,cAAU,MAAV;AACE,WAAO,MAAP;AACA;AAAgB,kCAAU;AACzB,gBAAI,eAAe,OAAO,MAAP,EAAf,CADqB;AAEzB,gBAAG,YAAH,EAAgB;AACf,qBAAK,MAAL,CAAY,SAAZ,EADe;aAAhB,MAEO;AACN,qBAAK,IAAL,GADM;aAFP;SAFe;;;OAAhB;CAJJ;;AAcA,OAAO,KAAP,CAAa,UAAb,EAAyB;AACxB,UAAM,SAAN;AACC,cAAU,SAAV;AACE,WAAO,SAAP;AACA;AAAgB,kCAAU;AACzB,gBAAI,eAAe,OAAO,MAAP,EAAf,CADqB;AAEzB,gBAAG,YAAH,EAAgB;AACf,qBAAK,IAAL,GADe;aAAhB,MAEO;AACN,qBAAK,QAAL,CAAc,GAAd,EADM;aAFP;SAFe;;;OAAhB;CAJJ;;AAcA,OAAO,KAAP,CAAa,cAAb,EAA6B;AACzB,UAAM,aAAN;AACA,cAAU,aAAV;AACA,WAAO,aAAP;AACA;AAAgB,kCAAU;AACtB,gBAAI,eAAe,OAAO,MAAP,EAAf,CADkB;AAEtB,gBAAG,YAAH,EAAgB;AACZ,qBAAK,IAAL,GADY;aAAhB,MAEO;AACH,qBAAK,QAAL,CAAc,GAAd,EADG;aAFP;SAFY;;;OAAhB;CAJJ;;AAcA,OAAO,KAAP,CAAa,SAAb,EAAwB;AACpB,UAAM,QAAN;AACA,cAAU,aAAV;AACA,WAAO,QAAP;AACA;AAAgB,kCAAU;AACtB,gBAAI,eAAe,OAAO,MAAP,EAAf,CADkB;AAEtB,gBAAG,YAAH,EAAgB;AACZ,qBAAK,IAAL,GADY;aAAhB,MAEO;AACH,qBAAK,QAAL,CAAc,GAAd,EADG;aAFP;SAFY;;;OAAhB;CAJJ;;AAcA,OAAO,KAAP,CAAa,WAAb,EAA0B;AACtB,UAAM,QAAN;AACA,cAAU,QAAV;AACA,WAAO,YAAP;AACA;AAAgB,kCAAU;AACtB,gBAAI,eAAe,OAAO,MAAP,EAAf,CADkB;AAEtB,gBAAG,YAAH,EAAgB;AACZ,qBAAK,IAAL,GADY;aAAhB,MAEO;AACH,qBAAK,QAAL,CAAc,GAAd,EADG;aAFP;SAFY;;;OAAhB;CAJJ;;AAcA,OAAO,KAAP,CAAa,WAAb,EAA0B;AACtB,UAAM,QAAN;AACA,cAAU,QAAV;AACA,WAAO,YAAP;AACA;AAAgB,kCAAU;AACtB,gBAAI,eAAe,OAAO,MAAP,EAAf,CADkB;AAEtB,gBAAG,YAAH,EAAgB;AACZ,qBAAK,IAAL,GADY;aAAhB,MAEO;AACH,qBAAK,QAAL,CAAc,GAAd,EADG;aAFP;SAFY;;;OAAhB;CAJJ;;AAcA,OAAO,KAAP,CAAa,WAAb,EAA0B;AACtB,UAAM,QAAN;AACA,cAAU,QAAV;AACA,WAAO,YAAP;AACA;AAAgB,kCAAU;AACtB,gBAAI,eAAe,OAAO,MAAP,EAAf,CADkB;AAEtB,gBAAG,YAAH,EAAgB;AACZ,qBAAK,IAAL,GADY;aAAhB,MAEO;AACH,qBAAK,QAAL,CAAc,GAAd,EADG;aAFP;SAFY;;;OAAhB;CAJJ;;AAcA,OAAO,KAAP,CAAa,WAAb,EAA0B;AACtB,UAAM,QAAN;AACA,cAAU,QAAV;AACA,WAAO,YAAP;AACA;AAAgB,kCAAU;AACtB,gBAAI,eAAe,OAAO,MAAP,EAAf,CADkB;AAEtB,gBAAG,YAAH,EAAgB;AACZ,qBAAK,IAAL,GADY;aAAhB,MAEO;AACH,qBAAK,QAAL,CAAc,GAAd,EADG;aAFP;SAFY;;;OAAhB;CAJJ;;AAcA,OAAO,KAAP,CAAa,WAAb,EAA0B;AACtB,UAAM,QAAN;AACA,cAAU,QAAV;AACA,WAAO,YAAP;AACA;AAAgB,kCAAU;AACtB,gBAAI,eAAe,OAAO,MAAP,EAAf,CADkB;AAEtB,gBAAG,YAAH,EAAgB;AACZ,qBAAK,IAAL,GADY;aAAhB,MAEO;AACH,qBAAK,QAAL,CAAc,GAAd,EADG;aAFP;SAFY;;;OAAhB;CAJJ;;AAcA,OAAO,KAAP,CAAa,gBAAb,EAA+B;AAC9B,UAAM,eAAN;AACC,cAAU,eAAV;AACE,WAAO,eAAP;AACA;AAAgB,kCAAU;AACzB,gBAAI,eAAe,OAAO,MAAP,EAAf,CADqB;AAEzB,gBAAG,YAAH,EAAgB;AACf,qBAAK,IAAL,GADe;aAAhB,MAEO;AACN,qBAAK,QAAL,CAAc,GAAd,EADM;aAFP;SAFe;;;OAAhB;CAJJ;;AAcA,OAAO,KAAP,CAAa,YAAU;AACnB,QAAI,KAAK,KAAL,CAAW,OAAX,CAAmB,KAAnB,EACA,SAAS,KAAT,GAAiB,YAAW,KAAK,KAAL,CAAW,OAAX,CAAmB,KAAnB,CADhC;CADS,CAAb","file":"/client/lib/routes.js.map","sourcesContent":["// Routing\nRouter.configure({\n    layoutTemplate: 'app_layout'\n});\n// get home page \nRouter.route('/', {\n\tname: 'home',\n \ttemplate: 'Home',\n    title: 'Home',\n    onBeforeAction: function(){\n    \tvar currrentUser = Meteor.userId();\n    \tif(currrentUser){\n    \t\tthis.render('account');\n    \t} else {\n    \t\tthis.next();\n    \t}\n    }\n});\n// get account page\nRouter.route('/account', {\n\tname: 'account',\n \ttemplate: 'account',\n    title: 'Account',\n    onBeforeAction: function(){\n    \tvar currrentUser = Meteor.userId();\n    \tif(currrentUser){\n    \t\tthis.next();\n    \t} else {\n    \t\tthis.redirect('/');\n    \t}\n    }\n});\n// get leaderboard page\nRouter.route('/leaderboard', {\n    name: 'leaderboard',\n    template: 'leaderboard',\n    title: 'Leaderboard',\n    onBeforeAction: function(){\n        var currrentUser = Meteor.userId();\n        if(currrentUser){\n            this.next();\n        } else {\n            this.redirect('/');\n        }\n    }\n});\n// get levels page\nRouter.route('/levels', {\n    name: 'levels',\n    template: 'levelSelect',\n    title: 'Levels',\n    onBeforeAction: function(){\n        var currrentUser = Meteor.userId();\n        if(currrentUser){\n            this.next();\n        } else {\n            this.redirect('/');\n        }\n    }\n});\n// level 1\nRouter.route('/levels/1', {\n    name: 'level1',\n    template: 'level1',\n    title: 'Levels | 1',\n    onBeforeAction: function(){\n        var currrentUser = Meteor.userId();\n        if(currrentUser){\n            this.next();\n        } else {\n            this.redirect('/');\n        }\n    }\n});\n// level 2\nRouter.route('/levels/2', {\n    name: 'level2',\n    template: 'level2',\n    title: 'Levels | 2',\n    onBeforeAction: function(){\n        var currrentUser = Meteor.userId();\n        if(currrentUser){\n            this.next();\n        } else {\n            this.redirect('/');\n        }\n    }\n});\n// level 3\nRouter.route('/levels/3', {\n    name: 'level3',\n    template: 'level3',\n    title: 'Levels | 3',\n    onBeforeAction: function(){\n        var currrentUser = Meteor.userId();\n        if(currrentUser){\n            this.next();\n        } else {\n            this.redirect('/');\n        }\n    }\n});\n// level 4\nRouter.route('/levels/4', {\n    name: 'level4',\n    template: 'level4',\n    title: 'Levels | 4',\n    onBeforeAction: function(){\n        var currrentUser = Meteor.userId();\n        if(currrentUser){\n            this.next();\n        } else {\n            this.redirect('/');\n        }\n    }\n});\n// level 5\nRouter.route('/levels/5', {\n    name: 'level5',\n    template: 'level5',\n    title: 'Levels | 5',\n    onBeforeAction: function(){\n        var currrentUser = Meteor.userId();\n        if(currrentUser){\n            this.next();\n        } else {\n            this.redirect('/');\n        }\n    }\n});\n// get customisation page\nRouter.route('/customisation', {\n\tname: 'customisation',\n \ttemplate: 'customisation',\n    title: 'Customisation',\n    onBeforeAction: function(){\n    \tvar currrentUser = Meteor.userId();\n    \tif(currrentUser){\n    \t\tthis.next();\n    \t} else {\n    \t\tthis.redirect('/');\n    \t}\n    }\n});\n//create title \nRouter.after(function(){\n    if (this.route.options.title)\n        document.title = 'CvsH | '+ this.route.options.title ;\n});"]},"hash":"0598f45937bf64e153fa723fec17a5e9bc797315"}
