{"metadata":{"usedHelpers":[],"marked":[],"modules":{"imports":[],"exports":{"exported":[],"specifiers":[]}}},"options":{"filename":"/client/lib/level.js","filenameRelative":"/client/lib/level.js","env":{},"retainLines":false,"highlightCode":true,"suppressDeprecationMessages":false,"presets":[],"plugins":[[[],null],[[],null],[[],null],[[],null],[[],null],[[],null],[[],null],[[],{"polyfill":false}],[[],null],[[],null],[[],null],[[],null],[[],null],[[],null],[[],null],[[],null],[[],{"loose":true}],[[],{"loose":true}],[[],null],[[],{"loose":true}],[[],null],[[],null],[[],{"allowTopLevelThis":true,"strict":false,"loose":true}],[[],null],[[],null],[[],null],[[],null],[[],null],[[],{"loose":true}],[[],null],[[],null],[[],null],[[],null],[[],null],[[],null],[[],null],[[],null]],"ignore":[],"code":true,"metadata":true,"ast":false,"comments":true,"compact":false,"minified":false,"sourceMap":true,"sourceMaps":true,"sourceMapTarget":"/client/lib/level.js.map","sourceFileName":"/client/lib/level.js","babelrc":false,"sourceType":"module","moduleIds":false,"passPerPreset":false,"basename":"level"},"ignored":false,"code":"// levels\nTemplate.levelSelect.helpers({\n\t\tlevels: function () {\n\t\t\t\tfunction levels() {\n\t\t\t\t\t\treturn Levels.find();\n\t\t\t\t}\n\n\t\t\t\treturn levels;\n\t\t}()\n});\nTemplate.account.helpers({\n\t\t// total user's score\n\t\tstarCount: function () {\n\t\t\t\tfunction starCount() {\n\t\t\t\t\t\treturn Leaderboard.find({ owner: Meteor.userId() });\n\t\t\t\t}\n\n\t\t\t\treturn starCount;\n\t\t}()\n});\nTemplate.level1Modal.events({\n\t\t\"click .sumbitScore\": function () {\n\t\t\t\tfunction clickSumbitScore(event) {\n\t\t\t\t\t\tevent.preventDefault();\n\n\t\t\t\t\t\tvar newScore = $('input[name=newScore]').val();\n\t\t\t\t\t\tnewScore = parseInt(newScore);\n\t\t\t\t\t\t// Insert avatar changes\n\t\t\t\t\t\tMeteor.call(\"updateLevel\", 1, newScore);\n\t\t\t\t\t\tRouter.go('/levels');\n\t\t\t\t\t\tvar stars = 0;\n\t\t\t\t\t\tLevels.find({ owner: Meteor.userId() }).map(function (doc) {\n\t\t\t\t\t\t\t\tstars += doc.score;\n\t\t\t\t\t\t});\n\t\t\t\t\t\tMeteor.call(\"updateStars\", stars);\n\t\t\t\t}\n\n\t\t\t\treturn clickSumbitScore;\n\t\t}()\n});\nTemplate.level2Modal.events({\n\t\t\"click .sumbitScore\": function () {\n\t\t\t\tfunction clickSumbitScore(event) {\n\t\t\t\t\t\tevent.preventDefault();\n\n\t\t\t\t\t\tvar newScore = $('input[name=newScore]').val();\n\t\t\t\t\t\tnewScore = parseInt(newScore);\n\t\t\t\t\t\t// Insert avatar changes\n\t\t\t\t\t\tMeteor.call(\"updateLevel\", 2, newScore);\n\t\t\t\t\t\tRouter.go('/levels');\n\t\t\t\t}\n\n\t\t\t\treturn clickSumbitScore;\n\t\t}()\n});\nTemplate.level3Modal.events({\n\t\t\"click .sumbitScore\": function () {\n\t\t\t\tfunction clickSumbitScore(event) {\n\t\t\t\t\t\tevent.preventDefault();\n\n\t\t\t\t\t\tvar newScore = $('input[name=newScore]').val();\n\t\t\t\t\t\tnewScore = parseInt(newScore);\n\t\t\t\t\t\t// Insert avatar changes\n\t\t\t\t\t\tMeteor.call(\"updateLevel\", 3, newScore);\n\t\t\t\t\t\tRouter.go('/levels');\n\t\t\t\t}\n\n\t\t\t\treturn clickSumbitScore;\n\t\t}()\n});\nTemplate.level4Modal.events({\n\t\t\"click .sumbitScore\": function () {\n\t\t\t\tfunction clickSumbitScore(event) {\n\t\t\t\t\t\tevent.preventDefault();\n\n\t\t\t\t\t\tvar newScore = $('input[name=newScore]').val();\n\t\t\t\t\t\tnewScore = parseInt(newScore);\n\t\t\t\t\t\t// Insert avatar changes\n\t\t\t\t\t\tMeteor.call(\"updateLevel\", 4, newScore);\n\t\t\t\t\t\tRouter.go('/levels');\n\t\t\t\t}\n\n\t\t\t\treturn clickSumbitScore;\n\t\t}()\n});\nTemplate.level5Modal.events({\n\t\t\"click .sumbitScore\": function () {\n\t\t\t\tfunction clickSumbitScore(event) {\n\t\t\t\t\t\tevent.preventDefault();\n\n\t\t\t\t\t\tvar newScore = $('input[name=newScore]').val();\n\t\t\t\t\t\tnewScore = parseInt(newScore);\n\t\t\t\t\t\t// Insert avatar changes\n\t\t\t\t\t\tMeteor.call(\"updateLevel\", 5, newScore);\n\t\t\t\t\t\tRouter.go('/levels');\n\t\t\t\t}\n\n\t\t\t\treturn clickSumbitScore;\n\t\t}()\n});","ast":null,"map":{"version":3,"sources":["/client/lib/level.js"],"names":[],"mappings":";AACA,SAAS,WAAT,CAAqB,OAArB,CAA6B;AACzB;AAAQ,sBAAY;AAClB,aAAO,OAAO,IAAP,EAAP,CADkB;KAAZ;;;KAAR;CADJ;AAKA,SAAS,OAAT,CAAiB,OAAjB,CAAyB;;AAErB;AAAW,yBAAY;AACpB,aAAO,YAAY,IAAZ,CAAiB,EAAC,OAAO,OAAO,MAAP,EAAP,EAAlB,CAAP,CADoB;KAAZ;;;KAAX;CAFJ;AAMA,SAAS,WAAT,CAAqB,MAArB,CAA4B;AAC1B;AAAsB,8BAAU,KAAV,EAAiB;AACpC,YAAM,cAAN,GADoC;;AAGpC,UAAI,WAAW,EAAE,sBAAF,EAA0B,GAA1B,EAAX,CAHgC;AAIpC,iBAAW,SAAS,QAAT,CAAX;;AAJoC,YAMpC,CAAO,IAAP,CAAY,aAAZ,EAA2B,CAA3B,EAA8B,QAA9B,EANoC;AAOpC,aAAO,EAAP,CAAU,SAAV,EAPoC;AAQpC,UAAI,QAAQ,CAAR,CARgC;AASlC,aAAO,IAAP,CAAY,EAAC,OAAO,OAAO,MAAP,EAAP,EAAb,EAAsC,GAAtC,CAA0C,UAAS,GAAT,EAAc;AACtD,iBAAS,IAAI,KAAJ,CAD6C;OAAd,CAA1C,CATkC;AAYlC,aAAO,IAAP,CAAY,aAAZ,EAA2B,KAA3B,EAZkC;KAAjB;;;KAAtB;CADF;AAgBA,SAAS,WAAT,CAAqB,MAArB,CAA4B;AAC1B;AAAsB,8BAAU,KAAV,EAAiB;AACpC,YAAM,cAAN,GADoC;;AAGpC,UAAI,WAAW,EAAE,sBAAF,EAA0B,GAA1B,EAAX,CAHgC;AAIpC,iBAAW,SAAS,QAAT,CAAX;;AAJoC,YAMpC,CAAO,IAAP,CAAY,aAAZ,EAA2B,CAA3B,EAA8B,QAA9B,EANoC;AAOpC,aAAO,EAAP,CAAU,SAAV,EAPoC;KAAjB;;;KAAtB;CADF;AAWA,SAAS,WAAT,CAAqB,MAArB,CAA4B;AAC1B;AAAsB,8BAAU,KAAV,EAAiB;AACpC,YAAM,cAAN,GADoC;;AAGpC,UAAI,WAAW,EAAE,sBAAF,EAA0B,GAA1B,EAAX,CAHgC;AAIpC,iBAAW,SAAS,QAAT,CAAX;;AAJoC,YAMpC,CAAO,IAAP,CAAY,aAAZ,EAA2B,CAA3B,EAA8B,QAA9B,EANoC;AAOpC,aAAO,EAAP,CAAU,SAAV,EAPoC;KAAjB;;;KAAtB;CADF;AAWA,SAAS,WAAT,CAAqB,MAArB,CAA4B;AAC1B;AAAsB,8BAAU,KAAV,EAAiB;AACpC,YAAM,cAAN,GADoC;;AAGpC,UAAI,WAAW,EAAE,sBAAF,EAA0B,GAA1B,EAAX,CAHgC;AAIpC,iBAAW,SAAS,QAAT,CAAX;;AAJoC,YAMpC,CAAO,IAAP,CAAY,aAAZ,EAA2B,CAA3B,EAA8B,QAA9B,EANoC;AAOpC,aAAO,EAAP,CAAU,SAAV,EAPoC;KAAjB;;;KAAtB;CADF;AAWA,SAAS,WAAT,CAAqB,MAArB,CAA4B;AAC1B;AAAsB,8BAAU,KAAV,EAAiB;AACpC,YAAM,cAAN,GADoC;;AAGpC,UAAI,WAAW,EAAE,sBAAF,EAA0B,GAA1B,EAAX,CAHgC;AAIpC,iBAAW,SAAS,QAAT,CAAX;;AAJoC,YAMpC,CAAO,IAAP,CAAY,aAAZ,EAA2B,CAA3B,EAA8B,QAA9B,EANoC;AAOpC,aAAO,EAAP,CAAU,SAAV,EAPoC;KAAjB;;;KAAtB;CADF","file":"/client/lib/level.js.map","sourcesContent":["// levels\nTemplate.levelSelect.helpers({\n    levels: function () {\n      return Levels.find();\n    }\n  });\nTemplate.account.helpers({\n\t// total user's score\n    starCount: function () {\n      \treturn Leaderboard.find({owner: Meteor.userId()});\n    }\n  });\nTemplate.level1Modal.events({ \n  \"click .sumbitScore\": function (event) {\n\t    event.preventDefault();\n\n\t    var newScore = $('input[name=newScore]').val();\n\t    newScore = parseInt(newScore);\n\t    // Insert avatar changes\n\t    Meteor.call(\"updateLevel\", 1, newScore);\n\t    Router.go('/levels');\n\t    var stars = 0;\n      \tLevels.find({owner: Meteor.userId()}).map(function(doc) {\n        \tstars += doc.score;\n      \t});\n      \tMeteor.call(\"updateStars\", stars);\n\t}\n});\nTemplate.level2Modal.events({ \n  \"click .sumbitScore\": function (event) {\n\t    event.preventDefault();\n\n\t    var newScore = $('input[name=newScore]').val();\n\t    newScore = parseInt(newScore);\n\t    // Insert avatar changes\n\t    Meteor.call(\"updateLevel\", 2, newScore);\n\t    Router.go('/levels');\n\t}\n});\nTemplate.level3Modal.events({ \n  \"click .sumbitScore\": function (event) {\n\t    event.preventDefault();\n\n\t    var newScore = $('input[name=newScore]').val();\n\t    newScore = parseInt(newScore);\n\t    // Insert avatar changes\n\t    Meteor.call(\"updateLevel\", 3, newScore);\n\t    Router.go('/levels');\n\t}\n});\nTemplate.level4Modal.events({ \n  \"click .sumbitScore\": function (event) {\n\t    event.preventDefault();\n\n\t    var newScore = $('input[name=newScore]').val();\n\t    newScore = parseInt(newScore);\n\t    // Insert avatar changes\n\t    Meteor.call(\"updateLevel\", 4, newScore);\n\t    Router.go('/levels');\n\t}\n});\nTemplate.level5Modal.events({ \n  \"click .sumbitScore\": function (event) {\n\t    event.preventDefault();\n\n\t    var newScore = $('input[name=newScore]').val();\n\t    newScore = parseInt(newScore);\n\t    // Insert avatar changes\n\t    Meteor.call(\"updateLevel\", 5, newScore);\n\t    Router.go('/levels');\n\t}\n});"]},"hash":"12a17c81c461729419cae62379420b5e5b4821d7"}
