{"metadata":{"usedHelpers":[],"marked":[],"modules":{"imports":[],"exports":{"exported":[],"specifiers":[]}}},"options":{"filename":"/client/lib/leaderboard.js","filenameRelative":"/client/lib/leaderboard.js","env":{},"retainLines":false,"highlightCode":true,"suppressDeprecationMessages":false,"presets":[],"plugins":[[[],null],[[],null],[[],null],[[],null],[[],null],[[],null],[[],null],[[],{"polyfill":false}],[[],null],[[],null],[[],null],[[],null],[[],null],[[],null],[[],null],[[],null],[[],{"loose":true}],[[],{"loose":true}],[[],null],[[],{"loose":true}],[[],null],[[],null],[[],{"allowTopLevelThis":true,"strict":false,"loose":true}],[[],null],[[],null],[[],null],[[],null],[[],null],[[],{"loose":true}],[[],null],[[],null],[[],null],[[],null],[[],null],[[],null],[[],null],[[],null]],"ignore":[],"code":true,"metadata":true,"ast":false,"comments":true,"compact":false,"minified":false,"sourceMap":true,"sourceMaps":true,"sourceMapTarget":"/client/lib/leaderboard.js.map","sourceFileName":"/client/lib/leaderboard.js","babelrc":false,"sourceType":"module","moduleIds":false,"passPerPreset":false,"basename":"leaderboard"},"ignored":false,"code":"Template.leaderboard.helpers({\n  leaderAvatar: function () {\n    function leaderAvatar() {\n      return Avatar.find();\n    }\n\n    return leaderAvatar;\n  }(),\n  levelScores: function () {\n    function levelScores() {\n      var stars = [];\n      var score = 0;\n      Levels.find().map(function (doc) {\n        score += doc.score;\n        stars.push(score);\n      });\n      return stars;\n    }\n\n    return levelScores;\n  }(),\n  leaderScore: function () {\n    function leaderScore() {\n      var stars = {};\n\n      Levels.find({ level: 1 }).map(function (doc) {\n        stars += doc.score;\n      });\n      Levels.find({ level: 2 }).map(function (doc) {\n        stars += doc.score;\n      });\n      Levels.find({ level: 3 }).map(function (doc) {\n        stars += doc.score;\n      });\n      Levels.find({ level: 4 }).map(function (doc) {\n        stars += doc.score;\n      });\n      Levels.find({ level: 5 }).map(function (doc) {\n        stars += doc.score;\n      });\n\n      return stars;\n    }\n\n    return leaderScore;\n  }()\n});","ast":null,"map":{"version":3,"sources":["/client/lib/leaderboard.js"],"names":[],"mappings":"AAAA,SAAS,WAAT,CAAqB,OAArB,CAA6B;AACzB;AAAc,4BAAY;AACxB,aAAQ,OAAO,IAAP,EAAR,CADwB;KAAZ;;;KAAd;AAGA;AAAa,2BAAY;AACvB,UAAI,QAAQ,EAAR,CADmB;AAEvB,UAAI,QAAQ,CAAR,CAFmB;AAGvB,aAAO,IAAP,GAAc,GAAd,CAAkB,UAAS,GAAT,EAAc;AAC9B,iBAAS,IAAI,KAAJ,CADqB;AAE9B,cAAM,IAAN,CAAW,KAAX,EAF8B;OAAd,CAAlB,CAHuB;AAOvB,aAAO,KAAP,CAPuB;KAAZ;;;KAAb;AAUA;AAAa,2BAAY;AACvB,UAAI,QAAQ,EAAR,CADmB;;AAGvB,aAAO,IAAP,CAAY,EAAC,OAAM,CAAN,EAAb,EAAuB,GAAvB,CAA2B,UAAS,GAAT,EAAc;AACvC,iBAAS,IAAI,KAAJ,CAD8B;OAAd,CAA3B,CAHuB;AAMvB,aAAO,IAAP,CAAY,EAAC,OAAM,CAAN,EAAb,EAAuB,GAAvB,CAA2B,UAAS,GAAT,EAAc;AACvC,iBAAS,IAAI,KAAJ,CAD8B;OAAd,CAA3B,CANuB;AASvB,aAAO,IAAP,CAAY,EAAC,OAAM,CAAN,EAAb,EAAuB,GAAvB,CAA2B,UAAS,GAAT,EAAc;AACvC,iBAAS,IAAI,KAAJ,CAD8B;OAAd,CAA3B,CATuB;AAYvB,aAAO,IAAP,CAAY,EAAC,OAAM,CAAN,EAAb,EAAuB,GAAvB,CAA2B,UAAS,GAAT,EAAc;AACvC,iBAAS,IAAI,KAAJ,CAD8B;OAAd,CAA3B,CAZuB;AAevB,aAAO,IAAP,CAAY,EAAC,OAAM,CAAN,EAAb,EAAuB,GAAvB,CAA2B,UAAS,GAAT,EAAc;AACvC,iBAAS,IAAI,KAAJ,CAD8B;OAAd,CAA3B,CAfuB;;AAmBvB,aAAO,KAAP,CAnBuB;KAAZ;;;KAAb;CAdJ","file":"/client/lib/leaderboard.js.map","sourcesContent":["Template.leaderboard.helpers({\n    leaderAvatar: function () {   \n      return  Avatar.find();    \n    },\n    levelScores: function () {\n      var stars = [];\n      var score = 0;\n      Levels.find().map(function(doc) {\n        score += doc.score;\n        stars.push(score);\n      });\n      return stars;\n\n    },\n    leaderScore: function () {\n      var stars = {};\n\n      Levels.find({level:1}).map(function(doc) {\n        stars += doc.score;\n      });\n      Levels.find({level:2}).map(function(doc) {\n        stars += doc.score;\n      });\n      Levels.find({level:3}).map(function(doc) {\n        stars += doc.score;\n      });\n      Levels.find({level:4}).map(function(doc) {\n        stars += doc.score;\n      });\n      Levels.find({level:5}).map(function(doc) {\n        stars += doc.score;\n      });\n\n      return stars;\n    }\n  });"]},"hash":"199bc54ed0dae5303defac36957fbd6c30abddb2"}
