{"metadata":{"usedHelpers":[],"marked":[],"modules":{"imports":[],"exports":{"exported":[],"specifiers":[]}}},"options":{"filename":"/client/lib/level.js","filenameRelative":"/client/lib/level.js","env":{},"retainLines":false,"highlightCode":true,"suppressDeprecationMessages":false,"presets":[],"plugins":[[[],null],[[],null],[[],null],[[],null],[[],null],[[],null],[[],null],[[],{"polyfill":false}],[[],null],[[],null],[[],null],[[],null],[[],null],[[],null],[[],null],[[],null],[[],{"loose":true}],[[],{"loose":true}],[[],null],[[],{"loose":true}],[[],null],[[],null],[[],{"allowTopLevelThis":true,"strict":false,"loose":true}],[[],null],[[],null],[[],null],[[],null],[[],null],[[],{"loose":true}],[[],null],[[],null],[[],null],[[],null],[[],null],[[],null],[[],null],[[],null]],"ignore":[],"code":true,"metadata":true,"ast":false,"comments":true,"compact":false,"minified":false,"sourceMap":true,"sourceMaps":true,"sourceMapTarget":"/client/lib/level.js.map","sourceFileName":"/client/lib/level.js","babelrc":false,"sourceType":"module","moduleIds":false,"passPerPreset":false,"basename":"level"},"ignored":false,"code":"// levels\n/*===================\n    level modal intialiations \n    ==================*/\nTemplate.level1Modal.onRendered(function () {\n  $('#level1Hint').openModal();\n  $('.modal-trigger').leanModal();\n});\nTemplate.level2Modal.onRendered(function () {\n  $('#level2Hint').openModal();\n  $('.modal-trigger').leanModal();\n});\nTemplate.level3Modal.onRendered(function () {\n  $('#level3Hint').openModal();\n  $('.modal-trigger').leanModal();\n});\nTemplate.level4Modal.onRendered(function () {\n  $('#level4Hint').openModal();\n  $('.modal-trigger').leanModal();\n});\nTemplate.level5Modal.onRendered(function () {\n  $('#level5Hint').openModal();\n  $('.modal-trigger').leanModal();\n});\n\n// create level slider\nTemplate.levelSelect.onRendered(function () {\n  var mySwiper = new Swiper('#levelSelection', {\n    // Optional parameters\n    direction: 'horizontal',\n    loop: true,\n    slidesPerView: 3,\n    spaceBetween: 30,\n    // Navigation arrows\n    nextButton: '.swiper-button-next',\n    prevButton: '.swiper-button-prev',\n    grabCursor: true,\n    breakpoints: {\n      1200: {\n        slidesPerView: 3,\n        spaceBetween: 30\n      },\n      993: {\n        slidesPerView: 3,\n        spaceBetween: 10\n      },\n      600: {\n        slidesPerView: 1,\n        spaceBetween: 10\n      },\n      320: {\n        slidesPerView: 1,\n        spaceBetween: 30\n      }\n    }\n  });\n  function reinitSwiper(swiper) {\n    setTimeout(function () {\n      swiper.onResize();\n    }, 500);\n  };\n  reinitSwiper(mySwiper);\n});\n\nTemplate.levelSelect.helpers({\n  levels: function () {\n    function levels() {\n      var stars = 0;\n      Levels.find({ owner: Meteor.userId() }).map(function (doc) {\n        stars += doc.score;\n      });\n      Meteor.call(\"updateStars\", stars);\n      return Levels.find({ owner: Meteor.userId() });\n    }\n\n    return levels;\n  }()\n});\nTemplate.account.helpers({\n  // total user's score\n  starCount: function () {\n    function starCount() {\n      return Leaderboard.find({ owner: Meteor.userId() });\n    }\n\n    return starCount;\n  }()\n});\nTemplate.level1Modal.events({\n  \"click .sumbitScore\": function () {\n    function clickSumbitScore(event) {\n      event.preventDefault();\n\n      var newScore = $('input[name=newScore]').val();\n      newScore = parseInt(newScore);\n      // Insert avatar changes\n      Meteor.call(\"updateLevel\", 1, newScore);\n      Router.go('/levels');\n    }\n\n    return clickSumbitScore;\n  }()\n});\nTemplate.level2Modal.events({\n  \"click .sumbitScore\": function () {\n    function clickSumbitScore(event) {\n      event.preventDefault();\n\n      var newScore = $('input[name=newScore]').val();\n      newScore = parseInt(newScore);\n      // Insert avatar changes\n      Meteor.call(\"updateLevel\", 2, newScore);\n      Router.go('/levels');\n    }\n\n    return clickSumbitScore;\n  }()\n});\nTemplate.level3Modal.events({\n  \"click .sumbitScore\": function () {\n    function clickSumbitScore(event) {\n      event.preventDefault();\n\n      var newScore = $('input[name=newScore]').val();\n      newScore = parseInt(newScore);\n      // Insert avatar changes\n      Meteor.call(\"updateLevel\", 3, newScore);\n      Router.go('/levels');\n    }\n\n    return clickSumbitScore;\n  }()\n});\nTemplate.level4Modal.events({\n  \"click .sumbitScore\": function () {\n    function clickSumbitScore(event) {\n      event.preventDefault();\n\n      var newScore = $('input[name=newScore]').val();\n      newScore = parseInt(newScore);\n      // Insert avatar changes\n      Meteor.call(\"updateLevel\", 4, newScore);\n      Router.go('/levels');\n    }\n\n    return clickSumbitScore;\n  }()\n});\nTemplate.level5Modal.events({\n  \"click .sumbitScore\": function () {\n    function clickSumbitScore(event) {\n      event.preventDefault();\n\n      var newScore = $('input[name=newScore]').val();\n      newScore = parseInt(newScore);\n      // Insert avatar changes\n      Meteor.call(\"updateLevel\", 5, newScore);\n      Router.go('/levels');\n    }\n\n    return clickSumbitScore;\n  }()\n});","ast":null,"map":{"version":3,"sources":["/client/lib/level.js"],"names":[],"mappings":";;;;AAIA,SAAS,WAAT,CAAqB,UAArB,CAAiC,YAAU;AAC1C,IAAE,aAAF,EAAiB,SAAjB,GAD0C;AAE1C,IAAE,gBAAF,EAAoB,SAApB,GAF0C;CAAV,CAAjC;AAIA,SAAS,WAAT,CAAqB,UAArB,CAAiC,YAAU;AAC1C,IAAE,aAAF,EAAiB,SAAjB,GAD0C;AAE1C,IAAE,gBAAF,EAAoB,SAApB,GAF0C;CAAV,CAAjC;AAIA,SAAS,WAAT,CAAqB,UAArB,CAAiC,YAAU;AAC1C,IAAE,aAAF,EAAiB,SAAjB,GAD0C;AAE1C,IAAE,gBAAF,EAAoB,SAApB,GAF0C;CAAV,CAAjC;AAIA,SAAS,WAAT,CAAqB,UAArB,CAAiC,YAAU;AAC1C,IAAE,aAAF,EAAiB,SAAjB,GAD0C;AAE1C,IAAE,gBAAF,EAAoB,SAApB,GAF0C;CAAV,CAAjC;AAIA,SAAS,WAAT,CAAqB,UAArB,CAAiC,YAAU;AAC1C,IAAE,aAAF,EAAiB,SAAjB,GAD0C;AAE1C,IAAE,gBAAF,EAAoB,SAApB,GAF0C;CAAV,CAAjC;;;AAME,SAAS,WAAT,CAAqB,UAArB,CAAiC,YAAU;AACzC,MAAI,WAAW,IAAI,MAAJ,CAAY,iBAAZ,EAA+B;;AAE5C,eAAW,YAAX;AACA,UAAM,IAAN;AACA,mBAAe,CAAf;AACA,kBAAc,EAAd;;AAEA,gBAAY,qBAAZ;AACA,gBAAY,qBAAZ;AACA,gBAAY,IAAZ;AACA,iBAAa;AACT,YAAM;AACF,uBAAe,CAAf;AACA,sBAAc,EAAd;OAFJ;AAIA,WAAK;AACD,uBAAe,CAAf;AACA,sBAAc,EAAd;OAFJ;AAIA,WAAK;AACD,uBAAe,CAAf;AACA,sBAAc,EAAd;OAFJ;AAIA,WAAK;AACD,uBAAe,CAAf;AACA,sBAAc,EAAd;OAFJ;KAbJ;GAVa,CAAX,CADqC;AA8BzC,WAAS,YAAT,CAAsB,MAAtB,EAA8B;AAC5B,eAAW,YAAY;AACtB,aAAO,QAAP,GADsB;KAAZ,EAER,GAFH,EAD4B;GAA9B,CA9ByC;AAmCzC,eAAa,QAAb,EAnCyC;CAAV,CAAjC;;AAsCF,SAAS,WAAT,CAAqB,OAArB,CAA6B;AACzB;AAAQ,sBAAY;AACtB,UAAI,QAAQ,CAAR,CADkB;AAEnB,aAAO,IAAP,CAAY,EAAC,OAAO,OAAO,MAAP,EAAP,EAAb,EAAsC,GAAtC,CAA0C,UAAS,GAAT,EAAc;AACtD,iBAAS,IAAI,KAAJ,CAD6C;OAAd,CAA1C,CAFmB;AAKnB,aAAO,IAAP,CAAY,aAAZ,EAA2B,KAA3B,EALmB;AAMjB,aAAO,OAAO,IAAP,CAAY,EAAC,OAAO,OAAO,MAAP,EAAP,EAAb,CAAP,CANiB;KAAZ;;;KAAR;CADJ;AAUA,SAAS,OAAT,CAAiB,OAAjB,CAAyB;;AAErB;AAAW,yBAAY;AACpB,aAAO,YAAY,IAAZ,CAAiB,EAAC,OAAO,OAAO,MAAP,EAAP,EAAlB,CAAP,CADoB;KAAZ;;;KAAX;CAFJ;AAMA,SAAS,WAAT,CAAqB,MAArB,CAA4B;AAC1B;AAAsB,8BAAU,KAAV,EAAiB;AACpC,YAAM,cAAN,GADoC;;AAGpC,UAAI,WAAW,EAAE,sBAAF,EAA0B,GAA1B,EAAX,CAHgC;AAIpC,iBAAW,SAAS,QAAT,CAAX;;AAJoC,YAMpC,CAAO,IAAP,CAAY,aAAZ,EAA2B,CAA3B,EAA8B,QAA9B,EANoC;AAOpC,aAAO,EAAP,CAAU,SAAV,EAPoC;KAAjB;;;KAAtB;CADF;AAYA,SAAS,WAAT,CAAqB,MAArB,CAA4B;AAC1B;AAAsB,8BAAU,KAAV,EAAiB;AACpC,YAAM,cAAN,GADoC;;AAGpC,UAAI,WAAW,EAAE,sBAAF,EAA0B,GAA1B,EAAX,CAHgC;AAIpC,iBAAW,SAAS,QAAT,CAAX;;AAJoC,YAMpC,CAAO,IAAP,CAAY,aAAZ,EAA2B,CAA3B,EAA8B,QAA9B,EANoC;AAOpC,aAAO,EAAP,CAAU,SAAV,EAPoC;KAAjB;;;KAAtB;CADF;AAYA,SAAS,WAAT,CAAqB,MAArB,CAA4B;AAC1B;AAAsB,8BAAU,KAAV,EAAiB;AACpC,YAAM,cAAN,GADoC;;AAGpC,UAAI,WAAW,EAAE,sBAAF,EAA0B,GAA1B,EAAX,CAHgC;AAIpC,iBAAW,SAAS,QAAT,CAAX;;AAJoC,YAMpC,CAAO,IAAP,CAAY,aAAZ,EAA2B,CAA3B,EAA8B,QAA9B,EANoC;AAOpC,aAAO,EAAP,CAAU,SAAV,EAPoC;KAAjB;;;KAAtB;CADF;AAYA,SAAS,WAAT,CAAqB,MAArB,CAA4B;AAC1B;AAAsB,8BAAU,KAAV,EAAiB;AACpC,YAAM,cAAN,GADoC;;AAGpC,UAAI,WAAW,EAAE,sBAAF,EAA0B,GAA1B,EAAX,CAHgC;AAIpC,iBAAW,SAAS,QAAT,CAAX;;AAJoC,YAMpC,CAAO,IAAP,CAAY,aAAZ,EAA2B,CAA3B,EAA8B,QAA9B,EANoC;AAOpC,aAAO,EAAP,CAAU,SAAV,EAPoC;KAAjB;;;KAAtB;CADF;AAWA,SAAS,WAAT,CAAqB,MAArB,CAA4B;AAC1B;AAAsB,8BAAU,KAAV,EAAiB;AACpC,YAAM,cAAN,GADoC;;AAGpC,UAAI,WAAW,EAAE,sBAAF,EAA0B,GAA1B,EAAX,CAHgC;AAIpC,iBAAW,SAAS,QAAT,CAAX;;AAJoC,YAMpC,CAAO,IAAP,CAAY,aAAZ,EAA2B,CAA3B,EAA8B,QAA9B,EANoC;AAOpC,aAAO,EAAP,CAAU,SAAV,EAPoC;KAAjB;;;KAAtB;CADF","file":"/client/lib/level.js.map","sourcesContent":["// levels\n/*===================\n    level modal intialiations \n    ==================*/\nTemplate.level1Modal.onRendered( function(){\n\t$('#level1Hint').openModal();\n\t$('.modal-trigger').leanModal();\n});\nTemplate.level2Modal.onRendered( function(){\n\t$('#level2Hint').openModal();\n\t$('.modal-trigger').leanModal();\n});\nTemplate.level3Modal.onRendered( function(){\n\t$('#level3Hint').openModal();\n\t$('.modal-trigger').leanModal();\n});\nTemplate.level4Modal.onRendered( function(){\n\t$('#level4Hint').openModal();\n\t$('.modal-trigger').leanModal();\n});\nTemplate.level5Modal.onRendered( function(){\n\t$('#level5Hint').openModal();\n\t$('.modal-trigger').leanModal();\n});\n\n// create level slider\n  Template.levelSelect.onRendered( function(){\n    var mySwiper = new Swiper ('#levelSelection', {\n      // Optional parameters\n      direction: 'horizontal',\n      loop: true,\n      slidesPerView: 3,\n      spaceBetween: 30,\n      // Navigation arrows\n      nextButton: '.swiper-button-next',\n      prevButton: '.swiper-button-prev',\n      grabCursor: true,\n      breakpoints: {\n          1200: {\n              slidesPerView: 3,\n              spaceBetween: 30\n          },\n          993: {\n              slidesPerView: 3,\n              spaceBetween: 10\n          },\n          600: {\n              slidesPerView: 1,\n              spaceBetween: 10\n          },\n          320: {\n              slidesPerView: 1,\n              spaceBetween: 30\n          }\n      }\n    });\n    function reinitSwiper(swiper) {\n      setTimeout(function () {\n       swiper.onResize();\n      }, 500);\n    };\n    reinitSwiper(mySwiper);\n  });\n  \nTemplate.levelSelect.helpers({\n    levels: function () {\n\t\tvar stars = 0;\n\t    Levels.find({owner: Meteor.userId()}).map(function(doc) {\n\t      stars += doc.score;\n\t    });\n\t    Meteor.call(\"updateStars\", stars);\n      \treturn Levels.find({owner: Meteor.userId()});\n    }\n  });\nTemplate.account.helpers({\n\t// total user's score\n    starCount: function () {\n      \treturn Leaderboard.find({owner: Meteor.userId()});\n    }\n  });\nTemplate.level1Modal.events({ \n  \"click .sumbitScore\": function (event) {\n\t    event.preventDefault();\n\n\t    var newScore = $('input[name=newScore]').val();\n\t    newScore = parseInt(newScore);\n\t    // Insert avatar changes\n\t    Meteor.call(\"updateLevel\", 1, newScore);\n\t    Router.go('/levels');\n\t    \n\t}\n});\nTemplate.level2Modal.events({ \n  \"click .sumbitScore\": function (event) {\n\t    event.preventDefault();\n\n\t    var newScore = $('input[name=newScore]').val();\n\t    newScore = parseInt(newScore);\n\t    // Insert avatar changes\n\t    Meteor.call(\"updateLevel\", 2, newScore);\n\t    Router.go('/levels');\n\n\t}\n});\nTemplate.level3Modal.events({ \n  \"click .sumbitScore\": function (event) {\n\t    event.preventDefault();\n\n\t    var newScore = $('input[name=newScore]').val();\n\t    newScore = parseInt(newScore);\n\t    // Insert avatar changes\n\t    Meteor.call(\"updateLevel\", 3, newScore);\n\t    Router.go('/levels');\n\n\t}\n});\nTemplate.level4Modal.events({ \n  \"click .sumbitScore\": function (event) {\n\t    event.preventDefault();\n\n\t    var newScore = $('input[name=newScore]').val();\n\t    newScore = parseInt(newScore);\n\t    // Insert avatar changes\n\t    Meteor.call(\"updateLevel\", 4, newScore);\n\t    Router.go('/levels');\n\t}\n});\nTemplate.level5Modal.events({ \n  \"click .sumbitScore\": function (event) {\n\t    event.preventDefault();\n\n\t    var newScore = $('input[name=newScore]').val();\n\t    newScore = parseInt(newScore);\n\t    // Insert avatar changes\n\t    Meteor.call(\"updateLevel\", 5, newScore);\n\t    Router.go('/levels');\n\t}\n});"]},"hash":"26b228b9be498bc8bf40b101a5bc10145c7e600a"}
