{"metadata":{"usedHelpers":[],"marked":[],"modules":{"imports":[],"exports":{"exported":[],"specifiers":[]}}},"options":{"filename":"/server/accounts.js","filenameRelative":"/server/accounts.js","env":{},"retainLines":false,"highlightCode":true,"suppressDeprecationMessages":false,"presets":[],"plugins":[[[],null],[[],null],[[],null],[[],null],[[],null],[[],null],[[],null],[[],{"polyfill":false}],[[],null],[[],null],[[],null],[[],null],[[],null],[[],null],[[],null],[[],null],[[],{"loose":true}],[[],{"loose":true}],[[],null],[[],{"loose":true}],[[],null],[[],null],[[],{"allowTopLevelThis":true,"strict":false,"loose":true}],[[],null],[[],null],[[],null],[[],null],[[],null],[[],{"loose":true}],[[],null],[[],null],[[],null],[[],null],[[],null],[[],null],[[],null],[[],null]],"ignore":[],"code":true,"metadata":true,"ast":false,"comments":true,"compact":false,"minified":false,"sourceMap":true,"sourceMaps":true,"sourceMapTarget":"/server/accounts.js.map","sourceFileName":"/server/accounts.js","babelrc":false,"sourceType":"module","moduleIds":false,"passPerPreset":false,"basename":"accounts"},"ignored":false,"code":"// first, remove configuration entry in case service is already configured\nServiceConfiguration.configurations.remove({ service: \"facebook\" });\nServiceConfiguration.configurations.remove({ service: \"twitter\" });\n\nServiceConfiguration.configurations.insert({\n  service: \"facebook\",\n  appId: \"1708230562789289\",\n  secret: \"1983cb0435f0d43977ed8092a89b698d\"\n});\n\n// first, remove configuration entry in case service is already configured\n/*Accounts.loginServiceConfiguration.remove({\n  service: \"twitter\"\n});\nAccounts.loginServiceConfiguration.insert({\n  service: \"twitter\",\n  consumerKey: \"yourConsumerKey\",\n  secret: \"yourSecret\"\n});*/","ast":null,"map":{"version":3,"sources":["/server/accounts.js"],"names":[],"mappings":";AACA,qBAAqB,cAArB,CAAoC,MAApC,CAA2C,EAAC,SAAS,UAAT,EAA5C;AACA,qBAAqB,cAArB,CAAoC,MAApC,CAA2C,EAAC,SAAS,SAAT,EAA5C;;AAGA,qBAAqB,cAArB,CAAoC,MAApC,CAA2C;AACzC,WAAS,UAAT;AACA,SAAO,kBAAP;AACA,UAAQ,kCAAR;CAHF","file":"/server/accounts.js.map","sourcesContent":["// first, remove configuration entry in case service is already configured\nServiceConfiguration.configurations.remove({service: \"facebook\"});\nServiceConfiguration.configurations.remove({service: \"twitter\"});\n\n\nServiceConfiguration.configurations.insert({\n  service: \"facebook\",\n  appId: \"1708230562789289\",\n  secret: \"1983cb0435f0d43977ed8092a89b698d\"\n});\n\n// first, remove configuration entry in case service is already configured\n/*Accounts.loginServiceConfiguration.remove({\n  service: \"twitter\"\n});\nAccounts.loginServiceConfiguration.insert({\n  service: \"twitter\",\n  consumerKey: \"yourConsumerKey\",\n  secret: \"yourSecret\"\n});*/\n"]},"hash":"31d8aab090cf1b419c61b8b22e7fbce2b0855a3a"}
