{"metadata":{"usedHelpers":[],"marked":[],"modules":{"imports":[],"exports":{"exported":[],"specifiers":[]}}},"options":{"filename":"/client/lib/level.js","filenameRelative":"/client/lib/level.js","env":{},"retainLines":false,"highlightCode":true,"suppressDeprecationMessages":false,"presets":[],"plugins":[[[],null],[[],null],[[],null],[[],null],[[],null],[[],null],[[],null],[[],{"polyfill":false}],[[],null],[[],null],[[],null],[[],null],[[],null],[[],null],[[],null],[[],null],[[],{"loose":true}],[[],{"loose":true}],[[],null],[[],{"loose":true}],[[],null],[[],null],[[],{"allowTopLevelThis":true,"strict":false,"loose":true}],[[],null],[[],null],[[],null],[[],null],[[],null],[[],{"loose":true}],[[],null],[[],null],[[],null],[[],null],[[],null],[[],null],[[],null],[[],null]],"ignore":[],"code":true,"metadata":true,"ast":false,"comments":true,"compact":false,"minified":false,"sourceMap":true,"sourceMaps":true,"sourceMapTarget":"/client/lib/level.js.map","sourceFileName":"/client/lib/level.js","babelrc":false,"sourceType":"module","moduleIds":false,"passPerPreset":false,"basename":"level"},"ignored":false,"code":"// levels\n/*===================\n\tlevel modal intialiations \n==================*/\nTemplate.level1Modal.onRendered(function () {\n\t$('#level1Hint').openModal();\n\t$('.modal-trigger').leanModal();\n});\nTemplate.level2Modal.onRendered(function () {\n\t$('#level2Hint').openModal();\n\t$('.modal-trigger').leanModal();\n});\nTemplate.level3Modal.onRendered(function () {\n\t$('#level3Hint').openModal();\n\t$('.modal-trigger').leanModal();\n});\nTemplate.level4Modal.onRendered(function () {\n\t$('#level4Hint').openModal();\n\t$('.modal-trigger').leanModal();\n});\nTemplate.level5Modal.onRendered(function () {\n\t$('#level5Hint').openModal();\n\t$('.modal-trigger').leanModal();\n});\n\n// create level slider\nTemplate.levelSelect.onRendered(function () {\n\tvar mySwiper = new Swiper('#levelSelection', {\n\t\t// Optional parameters\n\t\tdirection: 'horizontal',\n\t\tloop: true,\n\t\tslidesPerView: 3,\n\t\tspaceBetween: 30,\n\t\t// Navigation arrows\n\t\tnextButton: '.swiper-button-next',\n\t\tprevButton: '.swiper-button-prev',\n\t\tgrabCursor: true,\n\t\tbreakpoints: {\n\t\t\t1200: {\n\t\t\t\tslidesPerView: 3,\n\t\t\t\tspaceBetween: 30\n\t\t\t},\n\t\t\t993: {\n\t\t\t\tslidesPerView: 3,\n\t\t\t\tspaceBetween: 10\n\t\t\t},\n\t\t\t600: {\n\t\t\t\tslidesPerView: 1,\n\t\t\t\tspaceBetween: 10\n\t\t\t},\n\t\t\t320: {\n\t\t\t\tslidesPerView: 1,\n\t\t\t\tspaceBetween: 30\n\t\t\t}\n\t\t}\n\t});\n\tfunction reinitSwiper(swiper) {\n\t\tsetTimeout(function () {\n\t\t\tswiper.onResize();\n\t\t}, 500);\n\t};\n\treinitSwiper(mySwiper);\n});\n// get level collection for handlebars\nTemplate.levelSelect.helpers({\n\tlevels: function () {\n\t\tfunction levels() {\n\t\t\tvar stars = 0;\n\t\t\tLevels.find({ owner: Meteor.userId() }).map(function (doc) {\n\t\t\t\tstars += doc.score;\n\t\t\t});\n\t\t\tMeteor.call(\"updateStars\", stars);\n\t\t\treturn Levels.find({ owner: Meteor.userId() });\n\t\t}\n\n\t\treturn levels;\n\t}()\n});\n// get stars, total from all levels\nTemplate.account.helpers({\n\t// total user's score\n\tstarCount: function () {\n\t\tfunction starCount() {\n\t\t\treturn Leaderboard.find({ owner: Meteor.userId() });\n\t\t}\n\n\t\treturn starCount;\n\t}()\n});\n// level 1 form\nTemplate.level1Modal.events({\n\t\"click .sumbitScore\": function () {\n\t\tfunction clickSumbitScore(event) {\n\t\t\tevent.preventDefault();\n\n\t\t\tvar newScore = $('input[name=newScore]').val();\n\t\t\tnewScore = parseInt(newScore);\n\t\t\t// Insert avatar changes\n\t\t\tMeteor.call(\"updateLevel\", 1, newScore);\n\t\t\tRouter.go('/levels');\n\t\t}\n\n\t\treturn clickSumbitScore;\n\t}()\n});\n// level 2 form\nTemplate.level2Modal.events({\n\t\"click .sumbitScore\": function () {\n\t\tfunction clickSumbitScore(event) {\n\t\t\tevent.preventDefault();\n\n\t\t\tvar newScore = $('input[name=newScore]').val();\n\t\t\tnewScore = parseInt(newScore);\n\t\t\t// Insert avatar changes\n\t\t\tMeteor.call(\"updateLevel\", 2, newScore);\n\t\t\tRouter.go('/levels');\n\t\t}\n\n\t\treturn clickSumbitScore;\n\t}()\n});\n// level 3 form\nTemplate.level3Modal.events({\n\t\"click .sumbitScore\": function () {\n\t\tfunction clickSumbitScore(event) {\n\t\t\tevent.preventDefault();\n\n\t\t\tvar newScore = $('input[name=newScore]').val();\n\t\t\tnewScore = parseInt(newScore);\n\t\t\t// Insert avatar changes\n\t\t\tMeteor.call(\"updateLevel\", 3, newScore);\n\t\t\tRouter.go('/levels');\n\t\t}\n\n\t\treturn clickSumbitScore;\n\t}()\n});\n// level 4 form\nTemplate.level4Modal.events({\n\t\"click .sumbitScore\": function () {\n\t\tfunction clickSumbitScore(event) {\n\t\t\tevent.preventDefault();\n\n\t\t\tvar newScore = $('input[name=newScore]').val();\n\t\t\tnewScore = parseInt(newScore);\n\t\t\t// Insert avatar changes\n\t\t\tMeteor.call(\"updateLevel\", 4, newScore);\n\t\t\tRouter.go('/levels');\n\t\t}\n\n\t\treturn clickSumbitScore;\n\t}()\n});\n// level 5 form\nTemplate.level5Modal.events({\n\t\"click .sumbitScore\": function () {\n\t\tfunction clickSumbitScore(event) {\n\t\t\tevent.preventDefault();\n\n\t\t\tvar newScore = $('input[name=newScore]').val();\n\t\t\tnewScore = parseInt(newScore);\n\t\t\t// Insert avatar changes\n\t\t\tMeteor.call(\"updateLevel\", 5, newScore);\n\t\t\tRouter.go('/levels');\n\t\t}\n\n\t\treturn clickSumbitScore;\n\t}()\n});","ast":null,"map":{"version":3,"sources":["/client/lib/level.js"],"names":[],"mappings":";;;;AAIA,SAAS,WAAT,CAAqB,UAArB,CAAiC,YAAU;AAC1C,GAAE,aAAF,EAAiB,SAAjB,GAD0C;AAE1C,GAAE,gBAAF,EAAoB,SAApB,GAF0C;CAAV,CAAjC;AAIA,SAAS,WAAT,CAAqB,UAArB,CAAiC,YAAU;AAC1C,GAAE,aAAF,EAAiB,SAAjB,GAD0C;AAE1C,GAAE,gBAAF,EAAoB,SAApB,GAF0C;CAAV,CAAjC;AAIA,SAAS,WAAT,CAAqB,UAArB,CAAiC,YAAU;AAC1C,GAAE,aAAF,EAAiB,SAAjB,GAD0C;AAE1C,GAAE,gBAAF,EAAoB,SAApB,GAF0C;CAAV,CAAjC;AAIA,SAAS,WAAT,CAAqB,UAArB,CAAiC,YAAU;AAC1C,GAAE,aAAF,EAAiB,SAAjB,GAD0C;AAE1C,GAAE,gBAAF,EAAoB,SAApB,GAF0C;CAAV,CAAjC;AAIA,SAAS,WAAT,CAAqB,UAArB,CAAiC,YAAU;AAC1C,GAAE,aAAF,EAAiB,SAAjB,GAD0C;AAE1C,GAAE,gBAAF,EAAoB,SAApB,GAF0C;CAAV,CAAjC;;;AAME,SAAS,WAAT,CAAqB,UAArB,CAAiC,YAAU;AACzC,KAAI,WAAW,IAAI,MAAJ,CAAY,iBAAZ,EAA+B;;AAE5C,aAAW,YAAX;AACA,QAAM,IAAN;AACA,iBAAe,CAAf;AACA,gBAAc,EAAd;;AAEA,cAAY,qBAAZ;AACA,cAAY,qBAAZ;AACA,cAAY,IAAZ;AACA,eAAa;AACT,SAAM;AACF,mBAAe,CAAf;AACA,kBAAc,EAAd;IAFJ;AAIA,QAAK;AACD,mBAAe,CAAf;AACA,kBAAc,EAAd;IAFJ;AAIA,QAAK;AACD,mBAAe,CAAf;AACA,kBAAc,EAAd;IAFJ;AAIA,QAAK;AACD,mBAAe,CAAf;AACA,kBAAc,EAAd;IAFJ;GAbJ;EAVa,CAAX,CADqC;AA8BzC,UAAS,YAAT,CAAsB,MAAtB,EAA8B;AAC5B,aAAW,YAAY;AACtB,UAAO,QAAP,GADsB;GAAZ,EAER,GAFH,EAD4B;EAA9B,CA9ByC;AAmCzC,cAAa,QAAb,EAnCyC;CAAV,CAAjC;;AAsCF,SAAS,WAAT,CAAqB,OAArB,CAA6B;AACzB;AAAQ,oBAAY;AACtB,OAAI,QAAQ,CAAR,CADkB;AAEnB,UAAO,IAAP,CAAY,EAAC,OAAO,OAAO,MAAP,EAAP,EAAb,EAAsC,GAAtC,CAA0C,UAAS,GAAT,EAAc;AACtD,aAAS,IAAI,KAAJ,CAD6C;IAAd,CAA1C,CAFmB;AAKnB,UAAO,IAAP,CAAY,aAAZ,EAA2B,KAA3B,EALmB;AAMjB,UAAO,OAAO,IAAP,CAAY,EAAC,OAAO,OAAO,MAAP,EAAP,EAAb,CAAP,CANiB;GAAZ;;;IAAR;CADJ;;AAWA,SAAS,OAAT,CAAiB,OAAjB,CAAyB;;AAErB;AAAW,uBAAY;AACpB,UAAO,YAAY,IAAZ,CAAiB,EAAC,OAAO,OAAO,MAAP,EAAP,EAAlB,CAAP,CADoB;GAAZ;;;IAAX;CAFJ;;AAOA,SAAS,WAAT,CAAqB,MAArB,CAA4B;AAC1B;AAAsB,4BAAU,KAAV,EAAiB;AACpC,SAAM,cAAN,GADoC;;AAGpC,OAAI,WAAW,EAAE,sBAAF,EAA0B,GAA1B,EAAX,CAHgC;AAIpC,cAAW,SAAS,QAAT,CAAX;;AAJoC,SAMpC,CAAO,IAAP,CAAY,aAAZ,EAA2B,CAA3B,EAA8B,QAA9B,EANoC;AAOpC,UAAO,EAAP,CAAU,SAAV,EAPoC;GAAjB;;;IAAtB;CADF;;AAaA,SAAS,WAAT,CAAqB,MAArB,CAA4B;AAC1B;AAAsB,4BAAU,KAAV,EAAiB;AACpC,SAAM,cAAN,GADoC;;AAGpC,OAAI,WAAW,EAAE,sBAAF,EAA0B,GAA1B,EAAX,CAHgC;AAIpC,cAAW,SAAS,QAAT,CAAX;;AAJoC,SAMpC,CAAO,IAAP,CAAY,aAAZ,EAA2B,CAA3B,EAA8B,QAA9B,EANoC;AAOpC,UAAO,EAAP,CAAU,SAAV,EAPoC;GAAjB;;;IAAtB;CADF;;AAaA,SAAS,WAAT,CAAqB,MAArB,CAA4B;AAC1B;AAAsB,4BAAU,KAAV,EAAiB;AACpC,SAAM,cAAN,GADoC;;AAGpC,OAAI,WAAW,EAAE,sBAAF,EAA0B,GAA1B,EAAX,CAHgC;AAIpC,cAAW,SAAS,QAAT,CAAX;;AAJoC,SAMpC,CAAO,IAAP,CAAY,aAAZ,EAA2B,CAA3B,EAA8B,QAA9B,EANoC;AAOpC,UAAO,EAAP,CAAU,SAAV,EAPoC;GAAjB;;;IAAtB;CADF;;AAaA,SAAS,WAAT,CAAqB,MAArB,CAA4B;AAC1B;AAAsB,4BAAU,KAAV,EAAiB;AACpC,SAAM,cAAN,GADoC;;AAGpC,OAAI,WAAW,EAAE,sBAAF,EAA0B,GAA1B,EAAX,CAHgC;AAIpC,cAAW,SAAS,QAAT,CAAX;;AAJoC,SAMpC,CAAO,IAAP,CAAY,aAAZ,EAA2B,CAA3B,EAA8B,QAA9B,EANoC;AAOpC,UAAO,EAAP,CAAU,SAAV,EAPoC;GAAjB;;;IAAtB;CADF;;AAYA,SAAS,WAAT,CAAqB,MAArB,CAA4B;AAC1B;AAAsB,4BAAU,KAAV,EAAiB;AACpC,SAAM,cAAN,GADoC;;AAGpC,OAAI,WAAW,EAAE,sBAAF,EAA0B,GAA1B,EAAX,CAHgC;AAIpC,cAAW,SAAS,QAAT,CAAX;;AAJoC,SAMpC,CAAO,IAAP,CAAY,aAAZ,EAA2B,CAA3B,EAA8B,QAA9B,EANoC;AAOpC,UAAO,EAAP,CAAU,SAAV,EAPoC;GAAjB;;;IAAtB;CADF","file":"/client/lib/level.js.map","sourcesContent":["// levels\n/*===================\n\tlevel modal intialiations \n==================*/\nTemplate.level1Modal.onRendered( function(){\n\t$('#level1Hint').openModal();\n\t$('.modal-trigger').leanModal();\n});\nTemplate.level2Modal.onRendered( function(){\n\t$('#level2Hint').openModal();\n\t$('.modal-trigger').leanModal();\n});\nTemplate.level3Modal.onRendered( function(){\n\t$('#level3Hint').openModal();\n\t$('.modal-trigger').leanModal();\n});\nTemplate.level4Modal.onRendered( function(){\n\t$('#level4Hint').openModal();\n\t$('.modal-trigger').leanModal();\n});\nTemplate.level5Modal.onRendered( function(){\n\t$('#level5Hint').openModal();\n\t$('.modal-trigger').leanModal();\n});\n\n// create level slider\n  Template.levelSelect.onRendered( function(){\n    var mySwiper = new Swiper ('#levelSelection', {\n      // Optional parameters\n      direction: 'horizontal',\n      loop: true,\n      slidesPerView: 3,\n      spaceBetween: 30,\n      // Navigation arrows\n      nextButton: '.swiper-button-next',\n      prevButton: '.swiper-button-prev',\n      grabCursor: true,\n      breakpoints: {\n          1200: {\n              slidesPerView: 3,\n              spaceBetween: 30\n          },\n          993: {\n              slidesPerView: 3,\n              spaceBetween: 10\n          },\n          600: {\n              slidesPerView: 1,\n              spaceBetween: 10\n          },\n          320: {\n              slidesPerView: 1,\n              spaceBetween: 30\n          }\n      }\n    });\n    function reinitSwiper(swiper) {\n      setTimeout(function () {\n       swiper.onResize();\n      }, 500);\n    };\n    reinitSwiper(mySwiper);\n  });\n// get level collection for handlebars\nTemplate.levelSelect.helpers({\n    levels: function () {\n\t\tvar stars = 0;\n\t    Levels.find({owner: Meteor.userId()}).map(function(doc) {\n\t      stars += doc.score;\n\t    });\n\t    Meteor.call(\"updateStars\", stars);\n      \treturn Levels.find({owner: Meteor.userId()});\n    }\n  });\n// get stars, total from all levels\nTemplate.account.helpers({\n\t// total user's score\n    starCount: function () {\n      \treturn Leaderboard.find({owner: Meteor.userId()});\n    }\n  });\n// level 1 form\nTemplate.level1Modal.events({ \n  \"click .sumbitScore\": function (event) {\n\t    event.preventDefault();\n\n\t    var newScore = $('input[name=newScore]').val();\n\t    newScore = parseInt(newScore);\n\t    // Insert avatar changes\n\t    Meteor.call(\"updateLevel\", 1, newScore);\n\t    Router.go('/levels');\n\t    \n\t}\n});\n// level 2 form\nTemplate.level2Modal.events({ \n  \"click .sumbitScore\": function (event) {\n\t    event.preventDefault();\n\n\t    var newScore = $('input[name=newScore]').val();\n\t    newScore = parseInt(newScore);\n\t    // Insert avatar changes\n\t    Meteor.call(\"updateLevel\", 2, newScore);\n\t    Router.go('/levels');\n\n\t}\n});\n// level 3 form\nTemplate.level3Modal.events({ \n  \"click .sumbitScore\": function (event) {\n\t    event.preventDefault();\n\n\t    var newScore = $('input[name=newScore]').val();\n\t    newScore = parseInt(newScore);\n\t    // Insert avatar changes\n\t    Meteor.call(\"updateLevel\", 3, newScore);\n\t    Router.go('/levels');\n\n\t}\n});\n// level 4 form\nTemplate.level4Modal.events({ \n  \"click .sumbitScore\": function (event) {\n\t    event.preventDefault();\n\n\t    var newScore = $('input[name=newScore]').val();\n\t    newScore = parseInt(newScore);\n\t    // Insert avatar changes\n\t    Meteor.call(\"updateLevel\", 4, newScore);\n\t    Router.go('/levels');\n\t}\n});\n// level 5 form\nTemplate.level5Modal.events({ \n  \"click .sumbitScore\": function (event) {\n\t    event.preventDefault();\n\n\t    var newScore = $('input[name=newScore]').val();\n\t    newScore = parseInt(newScore);\n\t    // Insert avatar changes\n\t    Meteor.call(\"updateLevel\", 5, newScore);\n\t    Router.go('/levels');\n\t}\n});"]},"hash":"5d40cc4018ccfa53cfc93a659ad82adfc444511a"}
