{"metadata":{"usedHelpers":[],"marked":[],"modules":{"imports":[],"exports":{"exported":[],"specifiers":[]}}},"options":{"filename":"/server/newUser.js","filenameRelative":"/server/newUser.js","env":{},"retainLines":false,"highlightCode":true,"suppressDeprecationMessages":false,"presets":[],"plugins":[[[],null],[[],null],[[],null],[[],null],[[],null],[[],null],[[],null],[[],{"polyfill":false}],[[],null],[[],null],[[],null],[[],null],[[],null],[[],null],[[],null],[[],null],[[],{"loose":true}],[[],{"loose":true}],[[],null],[[],{"loose":true}],[[],null],[[],null],[[],{"allowTopLevelThis":true,"strict":false,"loose":true}],[[],null],[[],null],[[],null],[[],null],[[],null],[[],{"loose":true}],[[],null],[[],null],[[],null],[[],null],[[],null],[[],null],[[],null],[[],null]],"ignore":[],"code":true,"metadata":true,"ast":false,"comments":true,"compact":false,"minified":false,"sourceMap":true,"sourceMaps":true,"sourceMapTarget":"/server/newUser.js.map","sourceFileName":"/server/newUser.js","babelrc":false,"sourceType":"module","moduleIds":false,"passPerPreset":false,"basename":"newUser"},"ignored":false,"code":"// on new user\nif (Meteor.isServer) {\n\tAccounts.onCreateUser(function (options, user) {\n\t\tAvatar.insert({\n\t\t\tskin: 'skin_1',\n\t\t\thair: 'hair_1_brown',\n\t\t\toutfit: 'dress_1',\n\t\t\towner: user._id\n\t\t});\n\n\t\t// level 1 insert\n\t\tLevels.insert({\n\t\t\tlevel: 1,\n\t\t\tscore: 0,\n\t\t\tmaxScore: 2,\n\t\t\tcompleted: false,\n\t\t\towner: user._id\n\t\t});\n\t\t// level 2 insert\n\t\tLevels.insert({\n\t\t\tlevel: 2,\n\t\t\tscore: 0,\n\t\t\tmaxScore: 4,\n\t\t\tcompleted: false,\n\t\t\towner: user._id\n\t\t});\n\t\t// level 3 insert\n\t\tLevels.insert({\n\t\t\tlevel: 3,\n\t\t\tscore: 0,\n\t\t\tmaxScore: 6,\n\t\t\tcompleted: false,\n\t\t\towner: user._id\n\t\t});\n\t\t// level 4 insert\n\t\tLevels.insert({\n\t\t\tlevel: 4,\n\t\t\tscore: 0,\n\t\t\tmaxScore: 6,\n\t\t\tcompleted: false,\n\t\t\towner: user._id\n\t\t});\n\t\t// level 5 insert\n\t\tLevels.insert({\n\t\t\tlevel: 5,\n\t\t\tscore: 0,\n\t\t\tmaxScore: 2,\n\t\t\tcompleted: false,\n\t\t\towner: user._id\n\t\t});\n\n\t\tLeaderboard.insert({\n\t\t\towner: user._id,\n\t\t\tstars: 0\n\t\t});\n\n\t\tif (options.profile) user.profile = options.profile;\n\t\tconsole.log(user);\n\t\treturn user;\n\n\t\tif (options.profile) user.profile = options.profile;\n\t\tconsole.log(user);\n\t\treturn user;\n\t});\n}","ast":null,"map":{"version":3,"sources":["/server/newUser.js"],"names":[],"mappings":";AACA,IAAI,OAAO,QAAP,EAAiB;AACpB,UAAS,YAAT,CAAsB,UAAS,OAAT,EAAkB,IAAlB,EAAwB;AAC3C,SAAO,MAAP,CAAc;AACf,SAAM,QAAN;AACA,SAAM,cAAN;AACA,WAAQ,SAAR;AACA,UAAO,KAAK,GAAL;GAJN;;;AAD2C,QAU1C,CAAO,MAAP,CAAc;AACb,UAAO,CAAP;AACH,UAAO,CAAP;AACA,aAAU,CAAV;AACA,cAAW,KAAX;AACA,UAAO,KAAK,GAAL;GALL;;AAV0C,QAkB1C,CAAO,MAAP,CAAc;AACb,UAAO,CAAP;AACH,UAAO,CAAP;AACA,aAAU,CAAV;AACA,cAAW,KAAX;AACA,UAAO,KAAK,GAAL;GALL;;AAlB0C,QA0B1C,CAAO,MAAP,CAAc;AACb,UAAO,CAAP;AACH,UAAO,CAAP;AACA,aAAU,CAAV;AACA,cAAW,KAAX;AACA,UAAO,KAAK,GAAL;GALL;;AA1B0C,QAkC1C,CAAO,MAAP,CAAc;AACb,UAAO,CAAP;AACH,UAAO,CAAP;AACA,aAAU,CAAV;AACA,cAAW,KAAX;AACA,UAAO,KAAK,GAAL;GALL;;AAlC0C,QA0C1C,CAAO,MAAP,CAAc;AACb,UAAO,CAAP;AACH,UAAO,CAAP;AACA,aAAU,CAAV;AACA,cAAW,KAAX;AACA,UAAO,KAAK,GAAL;GALL,EA1C0C;;AAkD7C,cAAY,MAAZ,CAAmB;AAClB,UAAO,KAAK,GAAL;AACP,UAAO,CAAP;GAFD,EAlD6C;;AAuD3C,MAAI,QAAQ,OAAR,EACF,KAAK,OAAL,GAAe,QAAQ,OAAR,CADjB;AAED,UAAQ,GAAR,CAAY,IAAZ,EAzD4C;AA0D5C,SAAO,IAAP,CA1D4C;;AA4D1C,MAAI,QAAQ,OAAR,EACH,KAAK,OAAL,GAAe,QAAQ,OAAR,CADhB;AAEF,UAAQ,GAAR,CAAY,IAAZ,EA9D4C;AA+D3C,SAAO,IAAP,CA/D2C;EAAxB,CAAtB,CADoB;CAArB","file":"/server/newUser.js.map","sourcesContent":["// on new user\nif (Meteor.isServer) {\n\tAccounts.onCreateUser(function(options, user) {\n\t  \tAvatar.insert({\n\t\t\tskin: 'skin_1',\n\t\t\thair: 'hair_1_brown',\n\t\t\toutfit: 'dress_1',\n\t\t\towner: user._id\n\t\t});\n\n\n\t\t// level 1 insert\n\t    Levels.insert({\n\t    \tlevel: 1,\n\t\t\tscore: 0,\n\t\t\tmaxScore: 2,\n\t\t\tcompleted: false,\n\t\t\towner: user._id\n\t\t});\n\t\t// level 2 insert\n\t    Levels.insert({\n\t    \tlevel: 2,\n\t\t\tscore: 0,\n\t\t\tmaxScore: 4,\n\t\t\tcompleted: false,\n\t\t\towner: user._id\n\t\t});\n\t\t// level 3 insert\n\t    Levels.insert({\n\t    \tlevel: 3,\n\t\t\tscore: 0,\n\t\t\tmaxScore: 6,\n\t\t\tcompleted: false,\n\t\t\towner: user._id\n\t\t});\n\t\t// level 4 insert\n\t    Levels.insert({\n\t    \tlevel: 4,\n\t\t\tscore: 0,\n\t\t\tmaxScore: 6,\n\t\t\tcompleted: false,\n\t\t\towner: user._id\n\t\t});\n\t\t// level 5 insert\n\t    Levels.insert({\n\t    \tlevel: 5,\n\t\t\tscore: 0,\n\t\t\tmaxScore: 2,\n\t\t\tcompleted: false,\n\t\t\towner: user._id\n\t\t});\n\n\t\tLeaderboard.insert({\n\t\t\towner: user._id,\n\t\t\tstars: 0\n\t\t});\n\n\t  \tif (options.profile)\n\t\t    user.profile = options.profile;\n\t\t\tconsole.log(user)\n\t \treturn user;\n\n\t    if (options.profile)\n\t    \tuser.profile = options.profile;\n\t\t\tconsole.log(user)\n\t  \treturn user;\n\n\t});\t\t\n\t\n\t\n}"]},"hash":"5f10c2721800507adbfbba250615ca5a07246143"}
