{"metadata":{"usedHelpers":[],"marked":[],"modules":{"imports":[],"exports":{"exported":[],"specifiers":[]}}},"options":{"filename":"/server/accounts.js","filenameRelative":"/server/accounts.js","env":{},"retainLines":false,"highlightCode":true,"suppressDeprecationMessages":false,"presets":[],"plugins":[[[],null],[[],null],[[],null],[[],null],[[],null],[[],null],[[],null],[[],{"polyfill":false}],[[],null],[[],null],[[],null],[[],null],[[],null],[[],null],[[],null],[[],null],[[],{"loose":true}],[[],{"loose":true}],[[],null],[[],{"loose":true}],[[],null],[[],null],[[],{"allowTopLevelThis":true,"strict":false,"loose":true}],[[],null],[[],null],[[],null],[[],null],[[],null],[[],{"loose":true}],[[],null],[[],null],[[],null],[[],null],[[],null],[[],null],[[],null],[[],null]],"ignore":[],"code":true,"metadata":true,"ast":false,"comments":true,"compact":false,"minified":false,"sourceMap":true,"sourceMaps":true,"sourceMapTarget":"/server/accounts.js.map","sourceFileName":"/server/accounts.js","babelrc":false,"sourceType":"module","moduleIds":false,"passPerPreset":false,"basename":"accounts"},"ignored":false,"code":"// facebook login\nServiceConfiguration.configurations.remove({ service: \"facebook\" });\n\nServiceConfiguration.configurations.insert({\n  service: \"facebook\",\n  appId: \"1708230562789289\",\n  secret: \"1983cb0435f0d43977ed8092a89b698d\"\n});\n\n// twitter login\nAccounts.loginServiceConfiguration.remove({\n  service: \"twitter\"\n});\nAccounts.loginServiceConfiguration.insert({\n  service: \"twitter\",\n  consumerKey: \"YHsL2VwXpWxmivnItO7nVoUqR\",\n  secret: \"HH0jVAugFoaQPnjf0pnSDAg7zMtYNOJmg781AYXAIEWHggvbGO\"\n});","ast":null,"map":{"version":3,"sources":["/server/accounts.js"],"names":[],"mappings":";AACA,qBAAqB,cAArB,CAAoC,MAApC,CAA2C,EAAC,SAAS,UAAT,EAA5C;;AAEA,qBAAqB,cAArB,CAAoC,MAApC,CAA2C;AACzC,WAAS,UAAT;AACA,SAAO,kBAAP;AACA,UAAQ,kCAAR;CAHF;;;AAQA,SAAS,yBAAT,CAAmC,MAAnC,CAA0C;AACxC,WAAS,SAAT;CADF;AAGA,SAAS,yBAAT,CAAmC,MAAnC,CAA0C;AACxC,WAAS,SAAT;AACA,eAAa,2BAAb;AACA,UAAQ,oDAAR;CAHF","file":"/server/accounts.js.map","sourcesContent":["// facebook login\nServiceConfiguration.configurations.remove({service: \"facebook\"});\n\nServiceConfiguration.configurations.insert({\n  service: \"facebook\",\n  appId: \"1708230562789289\",\n  secret: \"1983cb0435f0d43977ed8092a89b698d\"\n});\n\n\n// twitter login\nAccounts.loginServiceConfiguration.remove({\n  service: \"twitter\"\n});\nAccounts.loginServiceConfiguration.insert({\n  service: \"twitter\",\n  consumerKey: \"YHsL2VwXpWxmivnItO7nVoUqR\",\n  secret: \"HH0jVAugFoaQPnjf0pnSDAg7zMtYNOJmg781AYXAIEWHggvbGO\"\n});\n"]},"hash":"66eed1302c3879acac55b3a6ce0a896b344714f6"}
