{"metadata":{"usedHelpers":[],"marked":[],"modules":{"imports":[],"exports":{"exported":[],"specifiers":[]}}},"options":{"filename":"/client/lib/leaderboard.js","filenameRelative":"/client/lib/leaderboard.js","env":{},"retainLines":false,"highlightCode":true,"suppressDeprecationMessages":false,"presets":[],"plugins":[[[],null],[[],null],[[],null],[[],null],[[],null],[[],null],[[],null],[[],{"polyfill":false}],[[],null],[[],null],[[],null],[[],null],[[],null],[[],null],[[],null],[[],null],[[],{"loose":true}],[[],{"loose":true}],[[],null],[[],{"loose":true}],[[],null],[[],null],[[],{"allowTopLevelThis":true,"strict":false,"loose":true}],[[],null],[[],null],[[],null],[[],null],[[],null],[[],{"loose":true}],[[],null],[[],null],[[],null],[[],null],[[],null],[[],null],[[],null],[[],null]],"ignore":[],"code":true,"metadata":true,"ast":false,"comments":true,"compact":false,"minified":false,"sourceMap":true,"sourceMaps":true,"sourceMapTarget":"/client/lib/leaderboard.js.map","sourceFileName":"/client/lib/leaderboard.js","babelrc":false,"sourceType":"module","moduleIds":false,"passPerPreset":false,"basename":"leaderboard"},"ignored":false,"code":"Template.leaderboard.helpers({\n    leaderboard: function () {\n        function leaderboard() {\n            // get leaderboard, and sort from ascending stars amount\n            return Leaderboard.find({}, {\n                sort: { stars: -1 }\n            });\n        }\n\n        return leaderboard;\n    }()\n});","ast":null,"map":{"version":3,"sources":["/client/lib/leaderboard.js"],"names":[],"mappings":"AAAA,SAAS,WAAT,CAAqB,OAArB,CAA6B;AACzB;AAAa,+BAAY;;AAErB,mBAAO,YAAY,IAAZ,CAAiB,EAAjB,EAAqB;AAC1B,sBAAM,EAAE,OAAO,CAAC,CAAD,EAAf;aADK,CAAP,CAFqB;SAAZ;;;OAAb;CADJ","file":"/client/lib/leaderboard.js.map","sourcesContent":["Template.leaderboard.helpers({\n    leaderboard: function () {\n        // get leaderboard, and sort from ascending stars amount\n        return Leaderboard.find({}, {\n          sort: { stars: -1 }\n        });\n    }\n  });"]},"hash":"6d68d38d7a1a26ac7aefc2f0453e152c3bc831ec"}
