{"metadata":{"usedHelpers":[],"marked":[],"modules":{"imports":[],"exports":{"exported":[],"specifiers":[]}}},"options":{"filename":"/client/lib/level.js","filenameRelative":"/client/lib/level.js","env":{},"retainLines":false,"highlightCode":true,"suppressDeprecationMessages":false,"presets":[],"plugins":[[[],null],[[],null],[[],null],[[],null],[[],null],[[],null],[[],null],[[],{"polyfill":false}],[[],null],[[],null],[[],null],[[],null],[[],null],[[],null],[[],null],[[],null],[[],{"loose":true}],[[],{"loose":true}],[[],null],[[],{"loose":true}],[[],null],[[],null],[[],{"allowTopLevelThis":true,"strict":false,"loose":true}],[[],null],[[],null],[[],null],[[],null],[[],null],[[],{"loose":true}],[[],null],[[],null],[[],null],[[],null],[[],null],[[],null],[[],null],[[],null]],"ignore":[],"code":true,"metadata":true,"ast":false,"comments":true,"compact":false,"minified":false,"sourceMap":true,"sourceMaps":true,"sourceMapTarget":"/client/lib/level.js.map","sourceFileName":"/client/lib/level.js","babelrc":false,"sourceType":"module","moduleIds":false,"passPerPreset":false,"basename":"level"},"ignored":false,"code":"// levels\nTemplate.levelSelect.helpers({\n\tlevels: function () {\n\t\tfunction levels() {\n\t\t\tvar stars = 0;\n\t\t\tLevels.find({ owner: Meteor.userId() }).map(function (doc) {\n\t\t\t\tstars += doc.score;\n\t\t\t});\n\t\t\tMeteor.call(\"updateStars\", stars);\n\t\t\treturn Levels.find();\n\t\t}\n\n\t\treturn levels;\n\t}()\n});\nTemplate.level1Modal.events({\n\t\"click .sumbitScore\": function () {\n\t\tfunction clickSumbitScore(event) {\n\t\t\tevent.preventDefault();\n\n\t\t\tvar newScore = $('input[name=newScore]').val();\n\t\t\tnewScore = parseInt(newScore);\n\t\t\t// Insert avatar changes\n\t\t\tMeteor.call(\"updateLevel\", 1, newScore);\n\t\t\tRouter.go('/levels');\n\t\t}\n\n\t\treturn clickSumbitScore;\n\t}()\n});\nTemplate.level2Modal.events({\n\t\"click .sumbitScore\": function () {\n\t\tfunction clickSumbitScore(event) {\n\t\t\tevent.preventDefault();\n\n\t\t\tvar newScore = $('input[name=newScore]').val();\n\t\t\tnewScore = parseInt(newScore);\n\t\t\t// Insert avatar changes\n\t\t\tMeteor.call(\"updateLevel\", 2, newScore);\n\t\t\tRouter.go('/levels');\n\t\t}\n\n\t\treturn clickSumbitScore;\n\t}()\n});\nTemplate.level3Modal.events({\n\t\"click .sumbitScore\": function () {\n\t\tfunction clickSumbitScore(event) {\n\t\t\tevent.preventDefault();\n\n\t\t\tvar newScore = $('input[name=newScore]').val();\n\t\t\tnewScore = parseInt(newScore);\n\t\t\t// Insert avatar changes\n\t\t\tMeteor.call(\"updateLevel\", 3, newScore);\n\t\t\tRouter.go('/levels');\n\t\t}\n\n\t\treturn clickSumbitScore;\n\t}()\n});\nTemplate.level4Modal.events({\n\t\"click .sumbitScore\": function () {\n\t\tfunction clickSumbitScore(event) {\n\t\t\tevent.preventDefault();\n\n\t\t\tvar newScore = $('input[name=newScore]').val();\n\t\t\tnewScore = parseInt(newScore);\n\t\t\t// Insert avatar changes\n\t\t\tMeteor.call(\"updateLevel\", 4, newScore);\n\t\t\tRouter.go('/levels');\n\t\t}\n\n\t\treturn clickSumbitScore;\n\t}()\n});\nTemplate.level5Modal.events({\n\t\"click .sumbitScore\": function () {\n\t\tfunction clickSumbitScore(event) {\n\t\t\tevent.preventDefault();\n\n\t\t\tvar newScore = $('input[name=newScore]').val();\n\t\t\tnewScore = parseInt(newScore);\n\t\t\t// Insert avatar changes\n\t\t\tMeteor.call(\"updateLevel\", 5, newScore);\n\t\t\tRouter.go('/levels');\n\t\t}\n\n\t\treturn clickSumbitScore;\n\t}()\n});","ast":null,"map":{"version":3,"sources":["/client/lib/level.js"],"names":[],"mappings":";AACA,SAAS,WAAT,CAAqB,OAArB,CAA6B;AAC5B;AAAQ,oBAAY;AACnB,OAAI,QAAQ,CAAR,CADe;AAEhB,UAAO,IAAP,CAAY,EAAC,OAAO,OAAO,MAAP,EAAP,EAAb,EAAsC,GAAtC,CAA0C,UAAS,GAAT,EAAc;AACtD,aAAS,IAAI,KAAJ,CAD6C;IAAd,CAA1C,CAFgB;AAKhB,UAAO,IAAP,CAAY,aAAZ,EAA2B,KAA3B,EALgB;AAMjB,UAAO,OAAO,IAAP,EAAP,CANiB;GAAZ;;;IAAR;CADD;AAUA,SAAS,WAAT,CAAqB,MAArB,CAA4B;AAC1B;AAAsB,4BAAU,KAAV,EAAiB;AACpC,SAAM,cAAN,GADoC;;AAGpC,OAAI,WAAW,EAAE,sBAAF,EAA0B,GAA1B,EAAX,CAHgC;AAIpC,cAAW,SAAS,QAAT,CAAX;;AAJoC,SAMpC,CAAO,IAAP,CAAY,aAAZ,EAA2B,CAA3B,EAA8B,QAA9B,EANoC;AAOpC,UAAO,EAAP,CAAU,SAAV,EAPoC;GAAjB;;;IAAtB;CADF;AAYA,SAAS,WAAT,CAAqB,MAArB,CAA4B;AAC1B;AAAsB,4BAAU,KAAV,EAAiB;AACpC,SAAM,cAAN,GADoC;;AAGpC,OAAI,WAAW,EAAE,sBAAF,EAA0B,GAA1B,EAAX,CAHgC;AAIpC,cAAW,SAAS,QAAT,CAAX;;AAJoC,SAMpC,CAAO,IAAP,CAAY,aAAZ,EAA2B,CAA3B,EAA8B,QAA9B,EANoC;AAOpC,UAAO,EAAP,CAAU,SAAV,EAPoC;GAAjB;;;IAAtB;CADF;AAYA,SAAS,WAAT,CAAqB,MAArB,CAA4B;AAC1B;AAAsB,4BAAU,KAAV,EAAiB;AACpC,SAAM,cAAN,GADoC;;AAGpC,OAAI,WAAW,EAAE,sBAAF,EAA0B,GAA1B,EAAX,CAHgC;AAIpC,cAAW,SAAS,QAAT,CAAX;;AAJoC,SAMpC,CAAO,IAAP,CAAY,aAAZ,EAA2B,CAA3B,EAA8B,QAA9B,EANoC;AAOpC,UAAO,EAAP,CAAU,SAAV,EAPoC;GAAjB;;;IAAtB;CADF;AAYA,SAAS,WAAT,CAAqB,MAArB,CAA4B;AAC1B;AAAsB,4BAAU,KAAV,EAAiB;AACpC,SAAM,cAAN,GADoC;;AAGpC,OAAI,WAAW,EAAE,sBAAF,EAA0B,GAA1B,EAAX,CAHgC;AAIpC,cAAW,SAAS,QAAT,CAAX;;AAJoC,SAMpC,CAAO,IAAP,CAAY,aAAZ,EAA2B,CAA3B,EAA8B,QAA9B,EANoC;AAOpC,UAAO,EAAP,CAAU,SAAV,EAPoC;GAAjB;;;IAAtB;CADF;AAWA,SAAS,WAAT,CAAqB,MAArB,CAA4B;AAC1B;AAAsB,4BAAU,KAAV,EAAiB;AACpC,SAAM,cAAN,GADoC;;AAGpC,OAAI,WAAW,EAAE,sBAAF,EAA0B,GAA1B,EAAX,CAHgC;AAIpC,cAAW,SAAS,QAAT,CAAX;;AAJoC,SAMpC,CAAO,IAAP,CAAY,aAAZ,EAA2B,CAA3B,EAA8B,QAA9B,EANoC;AAOpC,UAAO,EAAP,CAAU,SAAV,EAPoC;GAAjB;;;IAAtB;CADF","file":"/client/lib/level.js.map","sourcesContent":["// levels\nTemplate.levelSelect.helpers({\n\tlevels: function () {\n\t\tvar stars = 0;\n\t    Levels.find({owner: Meteor.userId()}).map(function(doc) {\n\t      stars += doc.score;\n\t    });\n\t    Meteor.call(\"updateStars\", stars);\n\t  \treturn Levels.find();\n\t}\n});\nTemplate.level1Modal.events({ \n  \"click .sumbitScore\": function (event) {\n\t    event.preventDefault();\n\n\t    var newScore = $('input[name=newScore]').val();\n\t    newScore = parseInt(newScore);\n\t    // Insert avatar changes\n\t    Meteor.call(\"updateLevel\", 1, newScore);\n\t    Router.go('/levels');\n\t    \n\t}\n});\nTemplate.level2Modal.events({ \n  \"click .sumbitScore\": function (event) {\n\t    event.preventDefault();\n\n\t    var newScore = $('input[name=newScore]').val();\n\t    newScore = parseInt(newScore);\n\t    // Insert avatar changes\n\t    Meteor.call(\"updateLevel\", 2, newScore);\n\t    Router.go('/levels');\n\n\t}\n});\nTemplate.level3Modal.events({ \n  \"click .sumbitScore\": function (event) {\n\t    event.preventDefault();\n\n\t    var newScore = $('input[name=newScore]').val();\n\t    newScore = parseInt(newScore);\n\t    // Insert avatar changes\n\t    Meteor.call(\"updateLevel\", 3, newScore);\n\t    Router.go('/levels');\n\n\t}\n});\nTemplate.level4Modal.events({ \n  \"click .sumbitScore\": function (event) {\n\t    event.preventDefault();\n\n\t    var newScore = $('input[name=newScore]').val();\n\t    newScore = parseInt(newScore);\n\t    // Insert avatar changes\n\t    Meteor.call(\"updateLevel\", 4, newScore);\n\t    Router.go('/levels');\n\t}\n});\nTemplate.level5Modal.events({ \n  \"click .sumbitScore\": function (event) {\n\t    event.preventDefault();\n\n\t    var newScore = $('input[name=newScore]').val();\n\t    newScore = parseInt(newScore);\n\t    // Insert avatar changes\n\t    Meteor.call(\"updateLevel\", 5, newScore);\n\t    Router.go('/levels');\n\t}\n});"]},"hash":"7352e60fe29784a859a69c72ed64bee6152d0b58"}
