{"metadata":{"usedHelpers":[],"marked":[],"modules":{"imports":[],"exports":{"exported":[],"specifiers":[]}}},"options":{"filename":"/client/lib/leaderboard.js","filenameRelative":"/client/lib/leaderboard.js","env":{},"retainLines":false,"highlightCode":true,"suppressDeprecationMessages":false,"presets":[],"plugins":[[[],null],[[],null],[[],null],[[],null],[[],null],[[],null],[[],null],[[],{"polyfill":false}],[[],null],[[],null],[[],null],[[],null],[[],null],[[],null],[[],null],[[],null],[[],{"loose":true}],[[],{"loose":true}],[[],null],[[],{"loose":true}],[[],null],[[],null],[[],{"allowTopLevelThis":true,"strict":false,"loose":true}],[[],null],[[],null],[[],null],[[],null],[[],null],[[],{"loose":true}],[[],null],[[],null],[[],null],[[],null],[[],null],[[],null],[[],null],[[],null]],"ignore":[],"code":true,"metadata":true,"ast":false,"comments":true,"compact":false,"minified":false,"sourceMap":true,"sourceMaps":true,"sourceMapTarget":"/client/lib/leaderboard.js.map","sourceFileName":"/client/lib/leaderboard.js","babelrc":false,"sourceType":"module","moduleIds":false,"passPerPreset":false,"basename":"leaderboard"},"ignored":false,"code":"Template.leaderboard.helpers({\n  leaderAvatar: function () {\n    function leaderAvatar() {\n      return Avatar.find();\n    }\n\n    return leaderAvatar;\n  }(),\n  levelScores: function () {\n    function levelScores() {\n      return Leaderboard.find();\n    }\n\n    return levelScores;\n  }()\n});","ast":null,"map":{"version":3,"sources":["/client/lib/leaderboard.js"],"names":[],"mappings":"AAAA,SAAS,WAAT,CAAqB,OAArB,CAA6B;AACzB;AAAc,4BAAY;AACxB,aAAQ,OAAO,IAAP,EAAR,CADwB;KAAZ;;;KAAd;AAGA;AAAa,2BAAY;AACrB,aAAO,YAAY,IAAZ,EAAP,CADqB;KAAZ;;;KAAb;CAJJ","file":"/client/lib/leaderboard.js.map","sourcesContent":["Template.leaderboard.helpers({\n    leaderAvatar: function () {   \n      return  Avatar.find();    \n    },\n    levelScores: function () {\n        return Leaderboard.find();\n    }\n  });"]},"hash":"9aad9ba6e18ac7223bf94107bf74f6cc9f4f6013"}
