{"metadata":{"usedHelpers":[],"marked":[],"modules":{"imports":[],"exports":{"exported":[],"specifiers":[]}}},"options":{"filename":"/client/lib/app.js","filenameRelative":"/client/lib/app.js","env":{},"retainLines":false,"highlightCode":true,"suppressDeprecationMessages":false,"presets":[],"plugins":[[[],null],[[],null],[[],null],[[],null],[[],null],[[],null],[[],null],[[],{"polyfill":false}],[[],null],[[],null],[[],null],[[],null],[[],null],[[],null],[[],null],[[],null],[[],{"loose":true}],[[],{"loose":true}],[[],null],[[],{"loose":true}],[[],null],[[],null],[[],{"allowTopLevelThis":true,"strict":false,"loose":true}],[[],null],[[],null],[[],null],[[],null],[[],null],[[],{"loose":true}],[[],null],[[],null],[[],null],[[],null],[[],null],[[],null],[[],null],[[],null]],"ignore":[],"code":true,"metadata":true,"ast":false,"comments":true,"compact":false,"minified":false,"sourceMap":true,"sourceMaps":true,"sourceMapTarget":"/client/lib/app.js.map","sourceFileName":"/client/lib/app.js","babelrc":false,"sourceType":"module","moduleIds":false,"passPerPreset":false,"basename":"app"},"ignored":false,"code":"// client side js\nAvatar = new Mongo.Collection(\"avatar\");\nLevels = new Mongo.Collection(\"levels\");\nLeaderboard = new Mongo.Collection(\"leaderboard\", {\n  //create join to avatar collection\n  transform: function () {\n    function transform(doc) {\n      doc.avatarObj = Avatar.find({\n        owner: doc.owner\n      });\n      return doc;\n    }\n\n    return transform;\n  }()\n});\n/*===================\n  signup intialiations \n  ==================*/\nTemplate.Signup.onRendered(function () {\n  $('.modal-trigger').leanModal();\n});\n\n/*===================\n  level intialiations \n  ==================*/\nTemplate.level1Modal.onRendered(function () {\n  $('#level1Hint').openModal();\n  $('.modal-trigger').leanModal();\n});\nTemplate.level2Modal.onRendered(function () {\n  $('#level2Hint').openModal();\n  $('.modal-trigger').leanModal();\n});\nTemplate.level2Modal.helpers({\n  score: function (_score) {\n    function score() {\n      return _score.apply(this, arguments);\n    }\n\n    score.toString = function () {\n      return _score.toString();\n    };\n\n    return score;\n  }(function () {\n    return score;\n  })\n});\nTemplate.level3Modal.onRendered(function () {\n  $('#level3Hint').openModal();\n  $('.modal-trigger').leanModal();\n});\nTemplate.level3Modal.helpers({\n  score: function (_score2) {\n    function score() {\n      return _score2.apply(this, arguments);\n    }\n\n    score.toString = function () {\n      return _score2.toString();\n    };\n\n    return score;\n  }(function () {\n    return score;\n  })\n});\nTemplate.level4Modal.onRendered(function () {\n  $('#level4Hint').openModal();\n  $('.modal-trigger').leanModal();\n});\nTemplate.level4Modal.helpers({\n  score: function (_score3) {\n    function score() {\n      return _score3.apply(this, arguments);\n    }\n\n    score.toString = function () {\n      return _score3.toString();\n    };\n\n    return score;\n  }(function () {\n    return score;\n  })\n});\nTemplate.level5Modal.onRendered(function () {\n  $('#level5Hint').openModal();\n  $('.modal-trigger').leanModal();\n});\nTemplate.level5Modal.helpers({\n  score: function (_score4) {\n    function score() {\n      return _score4.apply(this, arguments);\n    }\n\n    score.toString = function () {\n      return _score4.toString();\n    };\n\n    return score;\n  }(function () {\n    return score;\n  })\n});\n\nTemplate.dropdown_nav.onRendered(function () {\n  $('.dropdown-button').dropdown({\n    belowOrigin: true\n  });\n});\n\nTemplate.user_avatar.helpers({\n  avatar: function () {\n    function avatar() {\n      return Avatar.find({\n        owner: Meteor.userId()\n      });\n    }\n\n    return avatar;\n  }()\n});\nTemplate.levelSelect.onRendered(function () {\n  var mySwiper = new Swiper('#levelSelection', {\n    // Optional parameters\n    direction: 'horizontal',\n    loop: true,\n    slidesPerView: 3,\n    spaceBetween: 30,\n    // Navigation arrows\n    nextButton: '.swiper-button-next',\n    prevButton: '.swiper-button-prev',\n    grabCursor: true,\n    breakpoints: {\n      1200: {\n        slidesPerView: 3,\n        spaceBetween: 30\n      },\n      993: {\n        slidesPerView: 3,\n        spaceBetween: 10\n      },\n      600: {\n        slidesPerView: 1,\n        spaceBetween: 10\n      },\n      320: {\n        slidesPerView: 1,\n        spaceBetween: 30\n      }\n    }\n  });\n  function reinitSwiper(swiper) {\n    setTimeout(function () {\n      swiper.onResize();\n    }, 500);\n  };\n  reinitSwiper(mySwiper);\n});\n\nif (Meteor.isClient) {\n  Meteor.subscribe(\"avatar_levels\");\n}","ast":null,"map":{"version":3,"sources":["/client/lib/app.js"],"names":[],"mappings":";AACA,SAAS,IAAI,MAAM,UAAN,CAAiB,QAArB,CAAT;AACA,SAAS,IAAI,MAAM,UAAN,CAAiB,QAArB,CAAT;AACA,cAAc,IAAI,MAAM,UAAN,CAAiB,aAArB,EAAqC;;AAE/C;AAAW,uBAAS,GAAT,EAAc;AACvB,UAAI,SAAJ,GAAgB,OAAO,IAAP,CAAY;AAC1B,eAAO,IAAI,KAAJ;OADO,CAAhB,CADuB;AAIvB,aAAO,GAAP,CAJuB;KAAd;;;KAAX;CAFU,CAAd;;;;AAYE,SAAS,MAAT,CAAgB,UAAhB,CAA4B,YAAU;AACpC,IAAE,gBAAF,EAAoB,SAApB,GADoC;CAAV,CAA5B;;;;;AAOA,SAAS,WAAT,CAAqB,UAArB,CAAiC,YAAU;AACzC,IAAE,aAAF,EAAiB,SAAjB,GADyC;AAEzC,IAAE,gBAAF,EAAoB,SAApB,GAFyC;CAAV,CAAjC;AAIA,SAAS,WAAT,CAAqB,UAArB,CAAiC,YAAU;AACzC,IAAE,aAAF,EAAiB,SAAjB,GADyC;AAEzC,IAAE,gBAAF,EAAoB,SAApB,GAFyC;CAAV,CAAjC;AAIA,SAAS,WAAT,CAAqB,OAArB,CAA6B;AAC3B;;;;;;;;;;IAAO,YAAY;AACjB,WAAO,KAAP,CADiB;GAAZ,CAAP;CADF;AAKA,SAAS,WAAT,CAAqB,UAArB,CAAiC,YAAU;AACzC,IAAE,aAAF,EAAiB,SAAjB,GADyC;AAEzC,IAAE,gBAAF,EAAoB,SAApB,GAFyC;CAAV,CAAjC;AAIA,SAAS,WAAT,CAAqB,OAArB,CAA6B;AAC3B;;;;;;;;;;IAAO,YAAY;AACjB,WAAO,KAAP,CADiB;GAAZ,CAAP;CADF;AAKA,SAAS,WAAT,CAAqB,UAArB,CAAiC,YAAU;AACzC,IAAE,aAAF,EAAiB,SAAjB,GADyC;AAEzC,IAAE,gBAAF,EAAoB,SAApB,GAFyC;CAAV,CAAjC;AAIA,SAAS,WAAT,CAAqB,OAArB,CAA6B;AAC3B;;;;;;;;;;IAAO,YAAY;AACjB,WAAO,KAAP,CADiB;GAAZ,CAAP;CADF;AAKA,SAAS,WAAT,CAAqB,UAArB,CAAiC,YAAU;AACzC,IAAE,aAAF,EAAiB,SAAjB,GADyC;AAEzC,IAAE,gBAAF,EAAoB,SAApB,GAFyC;CAAV,CAAjC;AAIA,SAAS,WAAT,CAAqB,OAArB,CAA6B;AAC3B;;;;;;;;;;IAAO,YAAY;AACjB,WAAO,KAAP,CADiB;GAAZ,CAAP;CADF;;AAQA,SAAS,YAAT,CAAsB,UAAtB,CAAkC,YAAU;AAC1C,IAAE,kBAAF,EAAsB,QAAtB,CAA+B;AAC7B,iBAAa,IAAb;GADF,EAD0C;CAAV,CAAlC;;AAMA,SAAS,WAAT,CAAqB,OAArB,CAA6B;AAC3B;AAAQ,sBAAY;AAClB,aAAO,OAAO,IAAP,CAAY;AACjB,eAAO,OAAO,MAAP,EAAP;OADK,CAAP,CADkB;KAAZ;;;KAAR;CADF;AAOA,SAAS,WAAT,CAAqB,UAArB,CAAiC,YAAU;AACzC,MAAI,WAAW,IAAI,MAAJ,CAAY,iBAAZ,EAA+B;;AAE5C,eAAW,YAAX;AACA,UAAM,IAAN;AACA,mBAAe,CAAf;AACA,kBAAc,EAAd;;AAEA,gBAAY,qBAAZ;AACA,gBAAY,qBAAZ;AACA,gBAAY,IAAZ;AACA,iBAAa;AACT,YAAM;AACF,uBAAe,CAAf;AACA,sBAAc,EAAd;OAFJ;AAIA,WAAK;AACD,uBAAe,CAAf;AACA,sBAAc,EAAd;OAFJ;AAIA,WAAK;AACD,uBAAe,CAAf;AACA,sBAAc,EAAd;OAFJ;AAIA,WAAK;AACD,uBAAe,CAAf;AACA,sBAAc,EAAd;OAFJ;KAbJ;GAVa,CAAX,CADqC;AA8BzC,WAAS,YAAT,CAAsB,MAAtB,EAA8B;AAC5B,eAAW,YAAY;AACtB,aAAO,QAAP,GADsB;KAAZ,EAER,GAFH,EAD4B;GAA9B,CA9ByC;AAmCzC,eAAa,QAAb,EAnCyC;CAAV,CAAjC;;AAuCF,IAAI,OAAO,QAAP,EAAgB;AAClB,SAAO,SAAP,CAAiB,eAAjB,EADkB;CAApB","file":"/client/lib/app.js.map","sourcesContent":["// client side js \nAvatar = new Mongo.Collection(\"avatar\");\nLevels = new Mongo.Collection(\"levels\");\nLeaderboard = new Mongo.Collection(\"leaderboard\",  {\n   //create join to avatar collection\n    transform: function(doc) {\n      doc.avatarObj = Avatar.find({\n        owner: doc.owner\n      });\n      return doc;\n    }\n  });\n  /*===================\n    signup intialiations \n    ==================*/\n  Template.Signup.onRendered( function(){\n    $('.modal-trigger').leanModal();\n  });\n\n  /*===================\n    level intialiations \n    ==================*/\n  Template.level1Modal.onRendered( function(){\n    $('#level1Hint').openModal();\n    $('.modal-trigger').leanModal();\n  });\n  Template.level2Modal.onRendered( function(){\n    $('#level2Hint').openModal();\n    $('.modal-trigger').leanModal();\n  });\n  Template.level2Modal.helpers({\n    score: function () {\n      return score;\n    }\n  });\n  Template.level3Modal.onRendered( function(){\n    $('#level3Hint').openModal();\n    $('.modal-trigger').leanModal();\n  });\n  Template.level3Modal.helpers({\n    score: function () {\n      return score;\n    }\n  });\n  Template.level4Modal.onRendered( function(){\n    $('#level4Hint').openModal();\n    $('.modal-trigger').leanModal();\n  });\n  Template.level4Modal.helpers({\n    score: function () {\n      return score;\n    }\n  });\n  Template.level5Modal.onRendered( function(){\n    $('#level5Hint').openModal();\n    $('.modal-trigger').leanModal();\n  });\n  Template.level5Modal.helpers({\n    score: function () {\n      return score;\n    }\n  });\n\n\n\n  Template.dropdown_nav.onRendered( function(){\n    $('.dropdown-button').dropdown({\n      belowOrigin: true\n    });\n  });\n\n  Template.user_avatar.helpers({\n    avatar: function () {\n      return Avatar.find({\n        owner: Meteor.userId()\n      });\n    }\n  });\n  Template.levelSelect.onRendered( function(){\n    var mySwiper = new Swiper ('#levelSelection', {\n      // Optional parameters\n      direction: 'horizontal',\n      loop: true,\n      slidesPerView: 3,\n      spaceBetween: 30,\n      // Navigation arrows\n      nextButton: '.swiper-button-next',\n      prevButton: '.swiper-button-prev',\n      grabCursor: true,\n      breakpoints: {\n          1200: {\n              slidesPerView: 3,\n              spaceBetween: 30\n          },\n          993: {\n              slidesPerView: 3,\n              spaceBetween: 10\n          },\n          600: {\n              slidesPerView: 1,\n              spaceBetween: 10\n          },\n          320: {\n              slidesPerView: 1,\n              spaceBetween: 30\n          }\n      }\n    });\n    function reinitSwiper(swiper) {\n      setTimeout(function () {\n       swiper.onResize();\n      }, 500);\n    };\n    reinitSwiper(mySwiper);\n  });\n\n\nif (Meteor.isClient){\n  Meteor.subscribe(\"avatar_levels\");\n}"]},"hash":"a7990f9fc58d8edd3d48eae6adc06e10009704a5"}
