{"metadata":{"usedHelpers":[],"marked":[],"modules":{"imports":[],"exports":{"exported":[],"specifiers":[]}}},"options":{"filename":"/client/lib/leaderboard.js","filenameRelative":"/client/lib/leaderboard.js","env":{},"retainLines":false,"highlightCode":true,"suppressDeprecationMessages":false,"presets":[],"plugins":[[[],null],[[],null],[[],null],[[],null],[[],null],[[],null],[[],null],[[],{"polyfill":false}],[[],null],[[],null],[[],null],[[],null],[[],null],[[],null],[[],null],[[],null],[[],{"loose":true}],[[],{"loose":true}],[[],null],[[],{"loose":true}],[[],null],[[],null],[[],{"allowTopLevelThis":true,"strict":false,"loose":true}],[[],null],[[],null],[[],null],[[],null],[[],null],[[],{"loose":true}],[[],null],[[],null],[[],null],[[],null],[[],null],[[],null],[[],null],[[],null]],"ignore":[],"code":true,"metadata":true,"ast":false,"comments":true,"compact":false,"minified":false,"sourceMap":true,"sourceMaps":true,"sourceMapTarget":"/client/lib/leaderboard.js.map","sourceFileName":"/client/lib/leaderboard.js","babelrc":false,"sourceType":"module","moduleIds":false,"passPerPreset":false,"basename":"leaderboard"},"ignored":false,"code":"Template.leaderboard.helpers({\n    leaderAvatar: function () {\n        function leaderAvatar() {\n            return [Avatar.find(), Leaderboard.find()];\n        }\n\n        return leaderAvatar;\n    }()\n});","ast":null,"map":{"version":3,"sources":["/client/lib/leaderboard.js"],"names":[],"mappings":"AAAA,SAAS,WAAT,CAAqB,OAArB,CAA6B;AACzB;AAAc,gCAAY;AACxB,mBAAO,CACH,OAAO,IAAP,EADG,EAEH,YAAY,IAAZ,EAFG,CAAP,CADwB;SAAZ;;;OAAd;CADJ","file":"/client/lib/leaderboard.js.map","sourcesContent":["Template.leaderboard.helpers({\n    leaderAvatar: function () {   \n      return [\n          Avatar.find(),\n          Leaderboard.find()\n        ]   \n    }\n  });"]},"hash":"b1c9e0bf7ae03d866cfe57d20305afdc55aa2d2e"}
