{"metadata":{"usedHelpers":[],"marked":[],"modules":{"imports":[],"exports":{"exported":[],"specifiers":[]}}},"options":{"filename":"/client/lib/signup_login.js","filenameRelative":"/client/lib/signup_login.js","env":{},"retainLines":false,"highlightCode":true,"suppressDeprecationMessages":false,"presets":[],"plugins":[[[],null],[[],null],[[],null],[[],null],[[],null],[[],null],[[],null],[[],{"polyfill":false}],[[],null],[[],null],[[],null],[[],null],[[],null],[[],null],[[],null],[[],null],[[],{"loose":true}],[[],{"loose":true}],[[],null],[[],{"loose":true}],[[],null],[[],null],[[],{"allowTopLevelThis":true,"strict":false,"loose":true}],[[],null],[[],null],[[],null],[[],null],[[],null],[[],{"loose":true}],[[],null],[[],null],[[],null],[[],null],[[],null],[[],null],[[],null],[[],null]],"ignore":[],"code":true,"metadata":true,"ast":false,"comments":true,"compact":false,"minified":false,"sourceMap":true,"sourceMaps":true,"sourceMapTarget":"/client/lib/signup_login.js.map","sourceFileName":"/client/lib/signup_login.js","babelrc":false,"sourceType":"module","moduleIds":false,"passPerPreset":false,"basename":"signup_login"},"ignored":false,"code":"//signup and login events\n/*===================\n    signup intialiations \n    ==================*/\nTemplate.Signup.onRendered(function () {\n    $('.modal-trigger').leanModal();\n});\n//log out when clicked\nTemplate.dropdown_nav.events({\n    'click .logout': function () {\n        function clickLogout(event) {\n            event.preventDefault();\n            Meteor.logout(function (err) {\n                if (!err) {\n                    Router.go('/');\n                }\n            });\n        }\n\n        return clickLogout;\n    }()\n});\n\n// create user\nTemplate.Signup.events({\n    'submit .signup': function () {\n        function submitSignup(event) {\n            event.preventDefault();\n\n            var username = event.target.username.value;\n            var email = event.target.email.value;\n            var password = event.target.password.value;\n\n            var user = {\n                email: email,\n                password: password,\n                username: username,\n                createdAt: new Date()\n            };\n            Accounts.createUser(user, function (err) {\n                if (!err) {\n                    Router.go('/customisation');\n                }\n            });\n            //works!\n        }\n\n        return submitSignup;\n    }(),\n    'click .face_btn': function () {\n        function clickFace_btn(event) {\n            event.preventDefault();\n\n            Meteor.loginWithFacebook(function (err) {\n                if (!err) {\n                    Router.go('/customisation');\n                }\n            });\n        }\n\n        return clickFace_btn;\n    }(),\n    'click .twitter_btn': function () {\n        function clickTwitter_btn(event) {\n            event.preventDefault();\n\n            Meteor.loginWithTwitter(function (err) {\n                if (!err) {\n                    Router.go('/customisation');\n                }\n            });\n        }\n\n        return clickTwitter_btn;\n    }()\n});\n// login\nTemplate.Login.events({\n    'submit .login': function () {\n        function submitLogin(event) {\n            event.preventDefault();\n            var email = event.target.email_login.value;\n            var password = event.target.password_login.value;\n\n            Meteor.loginWithPassword(email, password, function (err) {\n                if (!err) {\n                    Router.go('/account');\n                }\n            });\n        }\n\n        return submitLogin;\n    }(),\n    'click .face_btn': function () {\n        function clickFace_btn(event) {\n            event.preventDefault();\n            Meteor.loginWithFacebook(function (err) {\n                if (!err) {\n                    Router.go('/account');\n                }\n            });\n        }\n\n        return clickFace_btn;\n    }(),\n    'click .twitter_btn': function () {\n        function clickTwitter_btn(event) {\n            event.preventDefault();\n\n            Meteor.loginWithTwitter(function (err) {\n                if (!err) {\n                    Router.go('/account');\n                }\n            });\n        }\n\n        return clickTwitter_btn;\n    }()\n});","ast":null,"map":{"version":3,"sources":["/client/lib/signup_login.js"],"names":[],"mappings":";;;;AAIC,SAAS,MAAT,CAAgB,UAAhB,CAA4B,YAAU;AACnC,MAAE,gBAAF,EAAoB,SAApB,GADmC;CAAV,CAA5B;;AAIA,SAAS,YAAT,CAAsB,MAAtB,CAA6B;AAC5B;AAAiB,6BAAS,KAAT,EAAe;AAC/B,kBAAM,cAAN,GAD+B;AAE/B,mBAAO,MAAP,CAAe,UAAS,GAAT,EAAa;AACtB,oBAAG,CAAC,GAAD,EAAM;AACR,2BAAO,EAAP,CAAU,GAAV,EADQ;iBAAT;aADS,CAAf,CAF+B;SAAf;;;OAAjB;CADD;;;AAYA,SAAS,MAAT,CAAgB,MAAhB,CAAuB;AACpB;AAAkB,8BAAU,KAAV,EAAiB;AAC/B,kBAAM,cAAN,GAD+B;;AAG/B,gBAAI,WAAW,MAAM,MAAN,CAAa,QAAb,CAAsB,KAAtB,CAHgB;AAI/B,gBAAI,QAAQ,MAAM,MAAN,CAAa,KAAb,CAAmB,KAAnB,CAJmB;AAK/B,gBAAI,WAAW,MAAM,MAAN,CAAa,QAAb,CAAsB,KAAtB,CALgB;;AAO/B,gBAAI,OAAO;AACV,uBAAM,KAAN;AACA,0BAAS,QAAT;AACA,0BAAS,QAAT;AACA,2BAAW,IAAI,IAAJ,EAAX;aAJG,CAP2B;AAa/B,qBAAS,UAAT,CAAoB,IAApB,EAA0B,UAAS,GAAT,EAAa;AACtC,oBAAG,CAAC,GAAD,EAAM;AACR,2BAAO,EAAP,CAAU,gBAAV,EADQ;iBAAT;aADyB,CAA1B;;AAb+B,SAAjB;;;OAAlB;AAoBF;AAAkB,+BAAS,KAAT,EAAe;AAC3B,kBAAM,cAAN,GAD2B;;AAG3B,mBAAO,iBAAP,CAAyB,UAAS,GAAT,EAAa;AAClC,oBAAG,CAAC,GAAD,EAAM;AACL,2BAAO,EAAP,CAAU,gBAAV,EADK;iBAAT;aADqB,CAAzB,CAH2B;SAAf;;;OAAlB;AASE;AAAqB,kCAAS,KAAT,EAAe;AAChC,kBAAM,cAAN,GADgC;;AAGhC,mBAAO,gBAAP,CAAwB,UAAS,GAAT,EAAa;AACjC,oBAAG,CAAC,GAAD,EAAM;AACL,2BAAO,EAAP,CAAU,gBAAV,EADK;iBAAT;aADoB,CAAxB,CAHgC;SAAf;;;OAArB;CA9BH;;AAyCA,SAAS,KAAT,CAAe,MAAf,CAAsB;AACrB;AAAiB,6BAAU,KAAV,EAAiB;AACjC,kBAAM,cAAN,GADiC;AAEjC,gBAAI,QAAQ,MAAM,MAAN,CAAa,WAAb,CAAyB,KAAzB,CAFqB;AAGjC,gBAAI,WAAW,MAAM,MAAN,CAAa,cAAb,CAA4B,KAA5B,CAHkB;;AAKjC,mBAAO,iBAAP,CAAyB,KAAzB,EAAgC,QAAhC,EAA0C,UAAS,GAAT,EAAa;AACtD,oBAAG,CAAC,GAAD,EAAM;AACR,2BAAO,EAAP,CAAU,UAAV,EADQ;iBAAT;aADyC,CAA1C,CALiC;SAAjB;;;OAAjB;AAWA;AAAkB,+BAAS,KAAT,EAAe;AAC3B,kBAAM,cAAN,GAD2B;AAE3B,mBAAO,iBAAP,CAAyB,UAAS,GAAT,EAAa;AAClC,oBAAG,CAAC,GAAD,EAAM;AACL,2BAAO,EAAP,CAAU,UAAV,EADK;iBAAT;aADqB,CAAzB,CAF2B;SAAf;;;OAAlB;AAQE;AAAqB,kCAAS,KAAT,EAAe;AAChC,kBAAM,cAAN,GADgC;;AAGhC,mBAAO,gBAAP,CAAwB,UAAS,GAAT,EAAa;AACjC,oBAAG,CAAC,GAAD,EAAM;AACL,2BAAO,EAAP,CAAU,UAAV,EADK;iBAAT;aADoB,CAAxB,CAHgC;SAAf;;;OAArB;CApBH","file":"/client/lib/signup_login.js.map","sourcesContent":[" //signup and login events\n/*===================\n    signup intialiations \n    ==================*/\n Template.Signup.onRendered( function(){\n    $('.modal-trigger').leanModal();\n });\n//log out when clicked\n Template.dropdown_nav.events({\n \t'click .logout': function(event){\n \t\tevent.preventDefault();\n \t\tMeteor.logout( function(err){\n        \tif(!err) {\n        \t\tRouter.go('/');\n        \t}\n        });\n \t}\n });\n\n// create user\n Template.Signup.events({\n    'submit .signup': function (event) {\n        event.preventDefault();\n\n        var username = event.target.username.value;\n        var email = event.target.email.value;\n        var password = event.target.password.value;\n\n        var user = {\n        \temail:email, \n        \tpassword:password,\n        \tusername:username,\n        \tcreatedAt: new Date()\n        };\n        Accounts.createUser(user, function(err){\n        \tif(!err) {\n        \t\tRouter.go('/customisation');\n        \t}\n        });\n        //works!\n    },\n \t'click .face_btn':function(event){\n        event.preventDefault();\n\n        Meteor.loginWithFacebook(function(err){\n            if(!err) {\n                Router.go('/customisation');\n            }\n        });\n    },\n    'click .twitter_btn':function(event){\n        event.preventDefault();\n\n        Meteor.loginWithTwitter(function(err){\n            if(!err) {\n                Router.go('/customisation');\n            }\n        });\n    }\n  });\n // login \n Template.Login.events({\n \t'submit .login': function (event) {\n \t\tevent.preventDefault();\n \t\tvar email = event.target.email_login.value;\n \t\tvar password = event.target.password_login.value;\n\n \t\tMeteor.loginWithPassword(email, password, function(err){\n \t\t\tif(!err) {\n \t\t\t\tRouter.go('/account');\n \t\t\t}\n \t\t});\n \t},\n \t'click .face_btn':function(event){\n        event.preventDefault();\n        Meteor.loginWithFacebook(function(err){\n            if(!err) {\n                Router.go('/account');\n            }\n        });\n    },\n    'click .twitter_btn':function(event){\n        event.preventDefault();\n\n        Meteor.loginWithTwitter(function(err){\n            if(!err) {\n                Router.go('/account');\n            }\n        });\n    }\n });\n"]},"hash":"d258d28e0b9333a4da434cdb0535f3044bad9a78"}
