{"metadata":{"usedHelpers":[],"marked":[],"modules":{"imports":[],"exports":{"exported":[],"specifiers":[]}}},"options":{"filename":"/server/publish.js","filenameRelative":"/server/publish.js","env":{},"retainLines":false,"highlightCode":true,"suppressDeprecationMessages":false,"presets":[],"plugins":[[[],null],[[],null],[[],null],[[],null],[[],null],[[],null],[[],null],[[],{"polyfill":false}],[[],null],[[],null],[[],null],[[],null],[[],null],[[],null],[[],null],[[],null],[[],{"loose":true}],[[],{"loose":true}],[[],null],[[],{"loose":true}],[[],null],[[],null],[[],{"allowTopLevelThis":true,"strict":false,"loose":true}],[[],null],[[],null],[[],null],[[],null],[[],null],[[],{"loose":true}],[[],null],[[],null],[[],null],[[],null],[[],null],[[],null],[[],null],[[],null]],"ignore":[],"code":true,"metadata":true,"ast":false,"comments":true,"compact":false,"minified":false,"sourceMap":true,"sourceMaps":true,"sourceMapTarget":"/server/publish.js.map","sourceFileName":"/server/publish.js","babelrc":false,"sourceType":"module","moduleIds":false,"passPerPreset":false,"basename":"publish"},"ignored":false,"code":"// publish collections\n// this code only runs on the server\n\nMeteor.publish(\"avatar_levels\", function () {\n\treturn [Avatar.find(), Levels.find(), Leaderboard.find()];\n});","ast":null,"map":{"version":3,"sources":["/server/publish.js"],"names":[],"mappings":";;;AAIC,OAAO,OAAP,CAAe,eAAf,EAAgC,YAAY;AAC3C,QAAO,CACH,OAAO,IAAP,EADG,EAEH,OAAO,IAAP,EAFG,EAGH,YAAY,IAAZ,EAHG,CAAP,CAD2C;CAAZ,CAAhC","file":"/server/publish.js.map","sourcesContent":["// publish collections\n// this code only runs on the server\n\t\n\t\n\tMeteor.publish(\"avatar_levels\", function () {\n\t\treturn [\n\t\t    Avatar.find(),\n\t\t    Levels.find(),\n\t\t    Leaderboard.find()\n\t\t  ];\n\t});\n"]},"hash":"f667e756db8882077839603031984a10f3f3b87d"}
